UTCtime,lat,lon
2016-09-15T14:40:52,42.768,13.13
2016-09-15T14:43:51,42.774,13.13
2016-09-15T14:44:24,42.776,13.13
2016-09-19T23:34:25,42.673,13.27
2016-10-07T07:27:07,46.548,9.544
2016-10-08T12:19:03,42.744,13.17
2016-10-08T18:11:09,42.738,13.18
2016-10-09T04:42:42,42.740,13.18
2016-10-16T09:32:35,42.747,13.17
2016-10-24T14:44:12,46.226,7.601
2016-10-25T16:53:00,43.606,11.00
2016-10-26T17:10:36,42.874,13.12
2016-10-26T17:10:36,42.878,13.12
2016-10-26T19:18:05,42.902,13.12
2016-10-26T19:18:07,42.904,13.09
2016-10-26T19:19:24,42.953,13.06
2016-10-26T19:22:56,42.945,13.07
2016-10-26T19:24:21,42.973,13.06
2016-10-26T19:25:18,42.935,13.07
2016-10-26T19:26:03,43.018,13.05
2016-10-26T19:43:43,42.894,13.06
2016-10-26T19:49:26,42.963,13.05
2016-10-26T21:24:51,42.871,13.07
2016-10-26T21:42:01,42.864,13.12
2016-10-26T23:52:30,42.842,13.16
2016-10-27T00:21:29,42.995,13.11
2016-10-27T01:37:05,42.844,13.16
2016-10-27T02:44:45,42.906,13.04
2016-10-27T03:19:27,42.842,13.14
2016-10-27T03:50:24,42.984,13.12
2016-10-27T07:50:29,42.821,13.14
2016-10-27T08:21:45,42.874,13.09
2016-10-27T12:19:00,43.021,13.12
2016-10-27T17:22:22,42.839,13.09
2016-10-27T17:23:43,42.848,13.10
2016-10-28T02:13:19,43.029,13.11
2016-10-28T13:56:32,42.865,13.21
2016-10-28T13:56:39,42.865,13.20
2016-10-28T15:56:59,42.784,13.11
2016-10-28T19:56:31,42.861,13.15
2016-10-28T20:02:43,39.267,13.54
2016-10-28T23:18:10,42.880,13.08
2016-10-29T08:48:54,42.991,13.05
2016-10-29T10:16:25,42.848,13.15
2016-10-29T11:58:04,39.950,15.83
2016-10-29T16:24:33,42.811,13.09
2016-10-30T06:40:17,42.830,13.10
2016-10-30T06:41:16,42.774,13.13
2016-10-30T06:42:27,42.882,13.05
2016-10-30T06:43:08,42.766,13.13
2016-10-30T06:43:46,42.900,13.14
2016-10-30T06:44:30,42.862,13.07
2016-10-30T06:48:27,42.783,13.16
2016-10-30T06:48:52,42.686,13.19
2016-10-30T06:50:43,42.806,13.19
2016-10-30T06:51:14,42.893,13.07
2016-10-30T06:51:55,42.783,13.12
2016-10-30T06:55:41,42.713,13.19
2016-10-30T06:55:54,42.751,13.22
2016-10-30T06:56:05,42.799,13.10
2016-10-30T06:56:38,42.843,13.14
2016-10-30T06:57:21,42.861,13.09
2016-10-30T06:59:31,42.881,13.14
2016-10-30T06:59:45,42.830,13.19
2016-10-30T07:00:40,42.877,13.05
2016-10-30T07:01:32,42.777,13.22
2016-10-30T07:03:22,42.806,13.12
2016-10-30T07:04:59,42.827,13.06
2016-10-30T07:05:56,42.793,13.15
2016-10-30T07:06:45,42.874,13.05
2016-10-30T07:07:53,42.716,13.19
2016-10-30T07:08:25,42.816,13.15
2016-10-30T07:09:24,42.860,13.05
2016-10-30T07:10:06,42.804,13.10
2016-10-30T07:13:05,42.694,13.22
2016-10-30T07:13:37,42.768,13.23
2016-10-30T07:14:00,42.682,13.22
2016-10-30T07:15:53,42.859,13.07
2016-10-30T07:16:34,42.721,13.19
2016-10-30T07:19:54,42.825,13.09
2016-10-30T07:23:40,42.782,13.13
2016-10-30T07:24:38,42.728,13.22
2016-10-30T07:30:12,42.803,13.08
2016-10-30T07:34:47,42.927,13.13
2016-10-30T07:37:20,42.883,13.10
2016-10-30T07:38:59,42.682,13.15
2016-10-30T07:40:32,42.777,13.17
2016-10-30T07:41:07,42.858,13.05
2016-10-30T07:42:45,42.668,13.30
2016-10-30T07:42:56,42.742,13.18
2016-10-30T07:44:15,42.937,13.19
2016-10-30T07:44:45,42.809,13.14
2016-10-30T07:45:03,42.833,13.04
2016-10-30T07:59:17,42.786,13.08
2016-10-30T08:00:09,42.796,13.12
2016-10-30T08:10:51,42.859,13.05
2016-10-30T08:13:04,42.892,13.15
2016-10-30T08:21:54,42.827,13.11
2016-10-30T08:22:52,42.728,13.13
2016-10-30T08:24:35,42.776,13.07
2016-10-30T08:31:06,42.884,13.10
2016-10-30T08:32:00,42.900,13.15
2016-10-30T08:34:21,42.860,13.05
2016-10-30T08:35:58,42.836,13.07
2016-10-30T08:37:04,42.740,13.26
2016-10-30T08:41:19,42.895,13.18
2016-10-30T08:57:55,42.710,13.21
2016-10-30T09:02:29,42.936,13.20
2016-10-30T09:04:45,42.693,13.21
2016-10-30T09:27:07,35.146,16.20
2016-10-30T09:51:04,42.846,13.13
2016-10-30T10:19:26,42.811,13.14
2016-10-30T10:24:33,42.942,13.19
2016-10-30T10:26:24,42.837,13.07
2016-10-30T10:49:43,44.141,12.26
2016-10-30T10:50:37,42.783,13.08
2016-10-30T11:00:49,42.815,13.08
2016-10-30T11:05:54,42.932,13.18
2016-10-30T11:14:20,42.806,3.192
2016-10-30T11:14:51,42.933,13.18
2016-10-30T11:20:21,42.806,13.18
2016-10-30T11:21:08,43.062,13.06
2016-10-30T11:40:00,42.895,13.14
2016-10-30T11:58:17,42.844,13.05
2016-10-30T12:07:00,42.841,13.07
2016-10-30T12:26:17,42.939,13.18
2016-10-30T13:02:31,42.731,13.15
2016-10-30T13:14:16,42.764,13.06
2016-10-30T13:21:28,43.018,13.12
2016-10-30T13:34:54,42.806,13.16
2016-10-30T14:03:18,42.938,13.21
2016-10-30T14:14:19,42.899,13.19
2016-10-30T14:14:39,42.781,13.07
2016-10-30T14:45:22,42.900,13.16
2016-10-30T16:07:21,43.060,13.06
2016-10-30T17:49:13,42.912,13.13
2016-10-30T18:21:09,42.782,13.15
2016-10-30T18:39:29,42.816,13.09
2016-10-30T23:05:31,42.914,13.20
2016-10-31T02:49:41,43.067,13.05
2016-10-31T03:27:40,42.761,13.08
2016-10-31T03:32:37,42.944,13.19
2016-10-31T06:17:19,42.765,13.20
2016-10-31T07:05:44,42.838,13.12
2016-10-31T08:37:33,43.025,13.08
2016-10-31T09:34:17,42.819,13.15
2016-11-01T03:19:05,42.902,13.29
2016-11-01T06:36:05,43.005,13.13
2016-11-01T07:56:40,42.990,13.13
2016-11-01T08:07:24,42.986,13.15
2016-11-01T15:13:43,42.904,13.16
2016-11-01T17:59:13,42.804,13.13
2016-11-01T18:02:54,42.804,13.12
2016-11-01T18:03:07,42.800,13.15
2016-11-01T19:03:20,42.796,13.04
2016-11-02T06:08:48,43.033,13.05
2016-11-02T06:41:13,42.790,13.16
2016-11-02T19:37:49,42.876,13.06
2016-11-03T00:35:01,43.027,13.04
2016-11-03T11:59:17,42.908,13.21
2016-11-03T13:10:45,42.687,13.16
2016-11-03T14:41:29,42.993,13.07
2016-11-03T20:32:40,42.798,13.11
2016-11-05T11:05:45,42.935,13.21
2016-11-05T19:11:58,42.956,13.20
2016-11-06T03:19:31,43.062,13.06
2016-11-06T18:15:19,42.798,13.17
2016-11-07T18:56:17,42.888,13.14
2016-11-09T03:15:08,42.996,13.14
2016-11-09T06:13:10,42.662,13.19
2016-11-09T06:29:55,42.719,13.17
2016-11-10T02:48:13,44.295,6.089
2016-11-10T13:50:59,42.883,13.13
2016-11-11T00:36:55,42.788,13.12
2016-11-12T12:34:11,42.996,13.14
2016-11-12T12:59:18,42.997,13.13
2016-11-12T14:43:33,42.718,13.20
2016-11-12T22:32:23,42.794,13.13
2016-11-14T01:33:43,42.858,13.15
2016-11-14T19:49:52,42.945,13.15
,,
|2016-11-16T11:52:2,|42.80,|13.1
2016-11-23T21:11:17,42.7137,13.270
2016-11-25T21:09:11,39.1302,15.539
2016-11-27T19:09:19,43.0125,13.078
2016-11-27T19:34:28,43.012,3.0738
2016-11-27T21:41:14,43.0128,13.066
2016-11-28T07:53:28,43.0117,13.068
2016-11-28T16:21:42,43.0158,13.069
2016-11-28T22:28:40,43.0133,13.073
2016-11-29T01:52:59,42.8122,12.762
2016-11-29T03:35:34,42.7622,13.243
2016-11-29T16:14:02,42.5293,13.280
2016-11-30T05:52:55,44.7775,10.649
2016-12-01T11:30:53,43.0017,13.077
2016-12-03T02:42:38,42.9847,13.078
2016-12-03T04:08:36,38.5373,14.299
2016-12-04T20:22:20,43.0415,13.098
2016-12-06T02:13:49,40.5508,15.823
2016-12-08T21:21:35,42.7315,13.536
2016-12-09T07:21:50,44.3328,10.481
2016-12-09T12:56:59,43.425,6.3308
2016-12-11T12:54:52,42.9048,13.117
2016-12-13T21:47:59,42.9863,13.078
2016-12-14T03:54:00,42.6413,13.322
2016-12-14T13:40:32,43.018,3.0702
2016-12-23T23:39:22,42.4788,18.535
2016-12-26T19:56:44,42.929,3.2037
2017-01-02T03:36:13,42.8037,12.752
2017-01-18T09:25:40,42.545,3.2768
2017-01-18T10:14:09,42.531,3.2838
2017-01-18T10:15:33,42.5277,13.285
2017-01-18T10:16:39,42.5375,13.267
2017-01-18T10:24:14,42.5808,13.311
2017-01-18T10:25:23,42.5033,13.277
2017-01-18T10:29:38,42.503,3.2877
2017-01-18T10:30:33,42.5352,13.249
2017-01-18T10:37:46,42.507,3.2653
2017-01-18T10:39:24,42.5332,13.271
2017-01-18T10:41:42,42.4818,13.277
2017-01-18T10:51:16,42.488,3.2747
2017-01-18T11:00:53,42.5072,13.342
2017-01-18T11:07:37,42.6197,13.255
2017-01-18T12:01:39,42.5437,13.291
2017-01-18T12:30:49,42.5047,13.272
2017-01-18T13:19:52,42.4853,13.273
2017-01-18T13:33:36,42.4733,13.274
2017-01-18T13:35:21,42.526,3.2787
2017-01-18T13:56:32,42.531,3.2765
2017-01-18T14:01:09,42.6097,13.309
2017-01-18T14:37:49,42.4967,13.369
2017-01-18T14:52:26,42.5327,13.267
2017-01-18T15:11:38,42.4888,13.301
2017-01-18T15:16:10,42.5998,13.287
2017-01-18T16:45:17,42.4693,13.310
2017-01-18T17:09:02,42.5955,13.250
2017-01-18T19:32:31,42.5808,13.232
2017-01-19T01:53:07,42.597|,3.3053
2017-01-21T09:35:56,42.7127,13.207
2017-01-21T10:59:28,42.4577,13.285
2017-01-27T17:07:59,40.8006,19.753
2017-01-29T05:10:54,42.6162,13.299
2017-01-29T11:20:24,37.8148,14.083
2017-01-30T09:51:07,37.6738,14.988
2017-02-01T14:49:23,37.0472,17.266
2017-02-03T03:47:55,42.9932,13.020
2017-02-03T04:10:05,42.992,3.0173
2017-02-03T05:40:34,42.9993,13.024
2017-02-03T21:33:02,40.9947,12.597
2017-02-03T23:08:05,41.0158,12.624
2017-02-03T23:37:43,42.6125,13.300
2017-02-04T03:41:58,42.9803,13.036
2017-02-06T23:38:56,42.9765,13.032
2017-02-09T08:14:08,45.7747,11.146
2017-02-09T09:58:27,42.6643,12.680
2017-02-12T13:55:21,43.0078,13.036
2017-02-14T08:28:04,42.6892,13.216
2017-02-20T03:13:30,42.5013,13.257
2017-02-22T04:30:16,42.6078,13.225
2017-02-23T03:17:31,42.6022,13.230
2017-02-27T06:20:15,38.3993,14.773
2017-03-06T20:12:07,46.9247,8.9118
2017-03-09T03:50:20,39.0303,15.454
2017-03-10T13:37:54,39.0287,15.441
2017-03-13T01:31:56,43.7985,16.864
2017-03-14T15:57:13,42.9148,13.148
2017-03-20T05:02:41,42.5642,13.322
2017-03-25T21:57:46,41.5093,14.993
2017-04-08T13:53:04,41.7542,19.935
2017-04-11T14:35:23,43.0148,13.126
2017-04-11T17:04:55,43.017,3.1162
2017-04-15T23:55:23,36.2197,18.806
2017-04-23T04:25:36,41.8293,15.784
2017-04-27T21:09:26,42.9557,13.046
2017-04-27T21:16:58,42.9572,13.045
2017-04-27T21:19:42,42.952,3.0467
2017-06-03T13:25:05,44.5032,9.5973
2017-06-04T18:00:56,45.6687,10.686
2017-06-09T12:15:44,42.4527,13.348
2017-06-20T01:37:12,44.2038,11.516
2017-06-23T14:15:15,41.43,.91|10
2017-06-29T21:41:21,42.6347,13.210
2017-06-30T00:25:17,42.6312,13.214
2017-07-01T08:10:34,46.4428,7.1328
2017-07-01T19:17:26,42.6497,13.315
2017-07-06T06:04:48,38.8643,16.897
2017-07-22T02:13:08,42.567,3.3255
2017-07-30T21:19:33,42.4472,15.293
2017-08-08T04:33:53,42.3967,15.216
2017-08-08T09:35:07,45.1572,14.697
2017-08-08T20:42:36,45.1517,14.689
2017-08-09T11:37:05,45.1307,14.732
2017-08-11T02:38:34,39.2918,15.850
2017-08-21T18:57:51,40.7383,13.897
2017-08-23T09:16:24,35.663,4.86|1
2017-08-25T17:10:45,35.5687,15.235
2017-09-05T04:34:21,42.5435,13.332
2017-09-10T18:00:55,44.8163,9.6873
2017-09-10T19:58:09,42.0843,13.324
2016-09-15T14:40:52,42.768,3.1335
2016-09-15T14:43:51,42.7747,13.130
2016-09-15T14:44:24,42.7762,13.134
2016-09-19T23:34:25,42.6737,13.277
2016-10-07T07:27:07,46.5488,9.5448
2016-10-08T12:19:03,42.7442,13.174
2016-10-08T18:11:09,42.7383,13.185
,,
2016-10-16T09:32:35,42.747,13.17
2016-10-24T14:44:12,46.226,7.601
2016-10-25T16:53:00,43.606,11.00
2016-10-26T17:10:36,42.874,13.12
2016-10-26T17:10:36,42.878,13.12
2016-10-26T19:18:05,42.902,3.127
2016-10-26T19:18:07,42.904,13.09
2016-10-26T19:19:24,42.953,13.06
2016-10-26T19:22:56,42.945,3.074
2016-10-26T19:24:21,42.973,13.06
2016-10-26T19:25:18,42.935,13.07
2016-10-26T19:26:03,43.018,13.05
2016-10-26T19:43:43,42.894,13.06
2016-10-26T19:49:26,42.963,13.05
2016-10-26T21:24:51,42.871,13.07
2016-10-26T21:42:01,42.864,3.122
2016-10-26T23:52:30,42.842,13.16
2016-10-27T00:21:29,42.995,13.11
2016-10-27T01:37:05,42.844,13.16
2016-10-27T02:44:45,42.906,13.04
2016-10-27T03:19:27,42.842,13.14
2016-10-27T03:50:24,42.984,13.12
2016-10-27T07:50:29,42.821,13.14
2016-10-27T08:21:45,42.874,13.09
2016-10-27T12:19:00,43.021,13.12
2016-10-27T17:22:22,42.839,13.09
2016-10-27T17:23:43,42.848,13.10
2016-10-28T02:13:19,43.029,13.11
2016-10-28T13:56:32,42.865,13.21
2016-10-28T13:56:39,42.865,13.20
2016-10-28T15:56:59,42.784,13.11
2016-10-28T19:56:31,42.861,13.15
2016-10-28T20:02:43,39.267,13.54
2016-10-28T23:18:10,42.880,13.08
2016-10-29T08:48:54,42.991,13.05
2016-10-29T10:16:25,42.848,13.15
2016-10-29T11:58:04,39.950,15.83
2016-10-29T16:24:33,42.811,13.09
2016-10-30T06:40:17,42.830,13.10
2016-10-30T06:41:16,42.774,13.13
2016-10-30T06:42:27,42.882,13.05
2016-10-30T06:43:08,42.766,13.13
2016-10-30T06:43:46,42.9|1,1455|
2016-10-30T06:44:30,42.862,13.07
2016-10-30T06:48:27,42.783,13.16
2016-10-30T06:48:52,42.686,13.19
2016-10-30T06:50:43,42.806,13.19
2016-10-30T06:51:14,42.893,13.07
2016-10-30T06:51:55,42.783,13.12
2016-10-30T06:55:41,42.713,13.19
2016-10-30T06:55:54,42.751,13.22
2016-10-30T06:56:05,42.799,13.10
2016-10-30T06:56:38,42.843,13.14
2016-10-30T06:57:21,42.861,13.09
2016-10-30T06:59:31,42.881,13.14
2016-10-30T06:59:45,42.830,13.19
2016-10-30T07:00:40,42.877,13.05
2016-10-30T07:01:32,42.777,13.22
2016-10-30T07:03:22,42.806,13.12
2016-10-30T07:04:59,42.827,13.06
2016-10-30T07:05:56,42.793,13.15
2016-10-30T07:06:45,42.874,13.05
2016-10-30T07:07:53,42.716,13.19
2016-10-30T07:08:25,42.816,13.15
2016-10-30T07:08:35,42.713,13.14
2016-10-30T07:09:24,42.860,13.05
2016-10-30T07:10:06,42.804,13.10
2016-10-30T07:13:05,42.694,13.22
2016-10-30T07:13:37,42.768,13.23
2016-10-30T07:14:00,42.682,13.22
2016-10-30T07:15:53,42.859,13.07
2016-10-30T07:16:34,42.721,13.19
2016-10-30T07:19:54,42.825,13.09
2016-10-30T07:23:40,42.782,13.13
2016-10-30T07:24:38,42.728,13.22
2016-10-30T07:30:12,42.803,13.08
2016-10-30T07:34:47,42.927,13.13
2016-10-30T07:37:20,42.883,13.10
2016-10-30T07:38:59,42.682,13.15
2016-10-30T07:40:32,42.777,13.17
2016-10-30T07:41:07,42.858,13.05
2016-10-30T07:42:45,42.668,13.30
2016-10-30T07:42:56,42.742,13.18
2016-10-30T07:44:15,42.937,13.19
2016-10-30T07:44:45,42.809,13.14
2016-10-30T07:45:03,42.833,13.04
2016-10-30T07:59:17,42.786,13.08
2016-10-30T08:00:09,42.796,13.12
2016-10-30T08:10:51,42.859,13.05
2016-10-30T08:13:04,42.892,13.15
2016-10-30T08:21:54,42.827,13.11
2016-10-30T08:22:52,42.728,13.13
2016-10-30T08:24:35,42.776,13.07
2016-10-30T08:31:06,42.884,13.10
2016-10-30T08:32:00,42.900,13.15
2016-10-30T08:34:21,42.860,13.05
2016-10-30T08:35:58,42.836,13.07
2016-10-30T08:37:04,42.740,13.26
2016-10-30T08:41:19,42.895,3.189
2016-10-30T08:57:55,42.710,13.21
2016-10-30T09:02:29,42.936,13.20
2016-10-30T09:04:45,42.693,13.21
2016-10-30T09:27:07,35.146,16.20
2016-10-30T09:51:04,42.846,13.13
2016-10-30T10:19:26,42.811,13.14
2016-10-30T10:24:33,42.942,13.19
2016-10-30T10:26:24,42.837,13.07
2016-10-30T10:49:43,44.141,12.26
2016-10-30T10:50:37,42.783,13.08
2016-10-30T11:00:49,42.815,13.08
2016-10-30T11:05:54,42.932,13.18
2016-10-30T11:14:20,42.806,3.192
2016-10-30T11:14:51,42.933,13.18
2016-10-30T11:20:21,42.806,13.18
2016-10-30T11:21:08,43.062,13.06
2016-10-30T11:40:00,42.895,13.14
2016-10-30T11:58:17,42.844,13.05
2016-10-30T12:07:00,42.841,13.07
2016-10-30T12:26:17,42.939,13.18
2016-10-30T13:02:31,42.731,13.15
2016-10-30T13:14:16,42.764,3.061
2016-10-30T13:21:28,43.018,13.12
2016-10-30T13:34:54,42.806,13.16
2016-10-30T14:03:18,42.938,13.21
2016-10-30T14:14:19,42.899,13.19
2016-10-30T14:14:39,42.781,13.07
2016-10-30T14:45:22,42.900,13.16
2016-10-30T16:07:21,43.060,13.06
2016-10-30T17:49:13,42.912,13.13
2016-10-30T18:21:09,42.782,13.15
2016-10-30T18:39:29,42.816,13.09
2016-10-30T23:05:31,42.914,13.20
2016-10-31T02:49:41,43.067,13.05
2016-10-31T03:27:40,42.761,13.08
2016-10-31T03:32:37,42.944,13.19
2016-10-31T06:17:19,42.765,13.20
2016-10-31T07:05:44,42.838,13.12
2016-10-31T08:37:33,43.025,13.08
2016-10-31T09:34:17,42.819,3.156
2016-11-01T03:19:05,42.902,3.292
2016-11-01T06:36:05,43.005,13.13
2016-11-01T07:56:40,42.990,13.13
2016-11-01T08:07:24,42.986,13.15
2016-11-01T15:13:43,42.904,13.16
2016-11-01T17:59:13,42.804,3.131
2016-11-01T18:02:54,42.804,13.12
2016-11-01T18:03:07,42.800,13.15
2016-11-01T19:03:20,42.796,13.04
2016-11-02T06:08:48,43.033,13.05
2016-11-02T06:41:13,42.79|,.1668
2016-11-02T19:37:49,42.876,13.06
2016-11-03T00:35:01,43.027,13.04
2016-11-03T11:59:17,42.908,3.213
2016-11-03T13:10:45,42.687,13.16
2016-11-03T14:41:29,42.993,13.07
2016-11-03T20:32:40,42.798,13.11
2016-11-05T11:05:45,42.935,13.21
2016-11-05T19:11:58,42.956,13.20
2016-11-06T03:19:31,43.062,13.06
2016-11-06T18:15:19,42.798,13.17
2016-11-07T18:56:17,42.888,13.14
2016-11-09T03:15:08,42.996,13.14
2016-11-09T06:13:10,42.662,13.19
2016-11-09T06:29:55,42.719,13.17
2016-11-10T02:48:13,44.295,6.089
2016-11-10T13:50:59,42.883,13.13
2016-11-11T00:36:55,42.788,13.12
2016-11-12T12:34:11,42.996,13.14
2016-11-12T12:59:18,42.997,13.13
2016-11-12T14:43:33,42.718,13.20
2016-11-12T22:32:23,42.794,13.13
2016-11-14T01:33:43,42.858,13.15
2016-11-14T19:49:52,42.945,13.15
2016-11-23T00:02:42,42.8308,13.117
2016-11-23T21:11:17,42.7137,13.270
2016-11-25T21:09:11,39.1302,15.539
2016-11-27T19:09:19,43.0125,13.078
2016-11-27T19:34:28,43.012,3.0738
2016-11-27T21:41:14,43.0128,13.066
2016-11-28T07:53:28,43.0117,13.068
2016-11-28T16:21:42,43.0158,13.069
2016-11-28T22:28:40,43.0133,13.073
2016-11-29T01:52:59,42.8122,12.762
2016-11-29T03:35:34,42.7622,13.243
2016-11-29T16:14:02,42.5293,13.280
2016-11-30T05:52:55,44.7775,10.649
2016-12-01T11:30:53,43.0017,13.077
2016-12-03T02:42:38,42.9847,13.078
2016-12-03T04:08:36,38.5373,14.299
2016-12-04T20:22:20,43.0415,13.098
2016-12-06T02:13:49,40.5508,15.823
2016-12-08T21:21:35,42.7315,13.536
2016-12-09T07:21:50,44.3328,10.481
2016-12-09T12:56:59,43.425,6.3308
2016-12-11T12:54:52,42.9048,13.117
2016-12-13T21:47:59,42.9863,13.078
2016-12-14T03:54:00,42.6413,13.322
2016-12-14T13:40:32,43.018,3.0702
2016-12-23T23:39:22,42.4788,18.535
2016-12-26T19:56:44,42.929,3.2037
2017-01-02T03:36:13,42.8037,12.752
2017-01-18T09:25:40,42.545|,3.2768
2017-01-18T10:14:09,42.531|,3.2838
2017-01-18T10:15:33,42.5277,13.285
2017-01-18T10:16:39,42.5375,13.267
2017-01-18T10:24:14,42.5808,13.311
2017-01-18T10:25:23,42.5033,13.277
2017-01-18T10:29:38,42.503,3.2877
2017-01-18T10:30:33,42.5352,13.249
2017-01-18T10:37:46,42.507,3.2653
2017-01-18T10:39:24,42.5332,13.271
2017-01-18T10:41:42,42.4818,13.277
2017-01-18T10:51:16,42.488|,3.2747
2017-01-18T11:00:53,42.5072,13.342
2017-01-18T11:07:37,42.6197,13.255
2017-01-18T12:01:39,42.5437,13.291
2017-01-18T12:30:49,42.5047,13.272
2017-01-18T13:19:52,42.4853,13.273
2017-01-18T13:33:36,42.4733,13.274
2017-01-18T13:35:21,42.526|,3.2787
2017-01-18T13:56:32,42.531|,3.2765
2017-01-18T14:01:09,42.6097,13.309
2017-01-18T14:37:49,42.4967,13.369
2017-01-18T14:52:26,42.5327,13.267
2017-01-18T15:11:38,42.4888,13.301
2017-01-18T15:16:10,42.5998,13.287
2017-01-18T16:45:17,42.4693,13.310
2017-01-18T17:09:02,42.5955,13.250
2017-01-18T19:32:31,42.5808,13.232
2017-01-19T01:53:07,42.597|,3.3053
2017-01-21T09:35:56,42.7127,13.207
2017-01-21T10:59:28,42.4577,13.285
2017-01-27T17:07:59,40.8006,19.753
2017-01-29T05:10:54,42.6162,13.299
2017-01-29T11:20:24,37.8148,14.083
2017-01-30T09:51:07,37.6738,14.988
2017-02-01T14:49:23,37.0472,17.266
2017-02-03T03:47:55,42.9932,13.020
2017-02-03T04:10:05,42.992|,3.0173
2017-02-03T05:40:34,42.9993,13.024
2017-02-03T21:33:02,40.9947,12.597
2017-02-03T23:08:05,41.0158,12.624
2017-02-03T23:37:43,42.6125,13.300
2017-02-04T03:41:58,42.9803,13.036
2017-02-06T23:38:56,42.9765,13.032
2017-02-09T08:14:08,45.7747,11.146
2017-02-09T09:58:27,42.6643,12.680
2017-02-12T13:55:21,43.0078,13.036
2017-02-14T08:28:04,42.6892,13.216
2017-02-20T03:13:30,42.5013,13.257
2017-02-22T04:30:16,42.6078,13.225
2017-02-23T03:17:31,42.6022,13.230
2017-02-27T06:20:15,38.3993,14.773
2017-03-06T20:12:07,46.9247,8.9118
2017-03-09T03:50:20,39.0303,15.454
2017-03-10T13:37:54,39.0287,15.441
2017-03-13T01:31:56,43.7985,16.864
2017-03-14T15:57:13,42.9148,13.148
2017-03-20T05:02:41,42.5642,13.322
2017-03-25T21:57:46,41.5093,14.993
2017-04-08T13:53:04,41.7542,19.935
2017-04-11T14:35:23,43.0148,13.126
2017-04-11T17:04:55,43.017|,3.1162
2017-04-15T23:55:23,36.2197,18.806
2017-04-23T04:25:36,41.8293,15.784
2017-04-27T21:09:26,42.9557,13.046
2017-04-27T21:16:58,42.9572,13.045
2017-04-27T21:19:42,42.952|,3.0467
2017-06-03T13:25:05,44.5032,9.5973
2017-06-04T18:00:56,45.6687,10.686
2017-06-09T12:15:44,42.4527,13.348
2017-06-20T01:37:12,44.2038,11.516
2017-06-23T14:15:15,41.43|1,.91|10
2017-06-29T21:41:21,42.6347,13.210
2017-06-30T00:25:17,42.6312,13.214
2017-07-01T08:10:34,46.4428,7.1328
2017-07-01T19:17:26,42.6497,13.315
2017-07-06T06:04:48,38.8643,16.897
2017-07-22T02:13:08,42.567,3.3255
2017-07-30T21:19:33,42.4472,15.293
2017-08-08T04:33:53,42.3967,15.216
2017-08-08T09:35:07,45.1572,14.697
2017-08-08T20:42:36,45.1517,14.689
2017-08-09T11:37:05,45.1307,14.732
2017-08-11T02:38:34,39.2918,15.850
2017-08-21T18:57:51,40.7383,13.897
2017-08-23T09:16:24,35.663,4.861
2017-08-25T17:10:45,35.5687,15.235
2017-09-05T04:34:21,42.5435,13.332
2017-09-10T18:00:55,44.8163,9.6873
2017-09-10T19:58:09,42.0843,13.324
,,
2016-09-15T14:43:51,42.7747,13.1303
2016-09-15T14:44:24,42.7762,13.1342
2016-09-19T23:34:25,42.6737,13.2773
2016-10-07T07:27:07,46.5488,9.5448
2016-10-08T12:19:03,42.7442,13.1747
2016-10-08T18:11:09,42.7383,13.1853
2016-10-09T04:42:42,42.7403,13.1853
2016-10-16T09:32:35,42.7477,13.1757
2016-10-24T14:44:12,46.2267,7.6013
2016-10-25T16:53:00,43.6063,11.0007
2016-10-26T17:10:36,42.8747,13.1243
2016-10-26T17:10:36,42.8788,13.1272
2016-10-26T19:18:05,42.902,3.1277
2016-10-26T19:18:07,42.9048,13.0902
2016-10-26T19:19:24,42.9538,13.0653
2016-10-26T19:22:56,42.945,3.0748
2016-10-26T19:24:21,42.9737,13.0663
2016-10-26T19:25:18,42.9358,13.0725
2016-10-26T19:26:03,43.0182,13.0597
2016-10-26T19:43:43,42.8947,13.0683
2016-10-26T19:49:26,42.9632,13.0568
2016-10-26T21:24:51,42.8713,13.0742
2016-10-26T21:42:01,42.864|,3.1223
2016-10-26T23:52:30,42.8428,13.1647
2016-10-27T00:21:29,42.9957,13.1148
2016-10-27T01:37:05,42.8442,13.1603
2016-10-27T02:44:45,42.9065,13.0492
2016-10-27T03:19:27,42.8427,13.1427
2016-10-27T03:50:24,42.9847,13.1205
2016-10-27T07:50:29,42.8217,13.1402
2016-10-27T08:21:45,42.8747,13.099
2016-10-27T12:19:00,43.0213,13.1262
2016-10-27T17:22:22,42.8398,13.0983
2016-10-27T17:23:43,42.8487,13.1082
2016-10-28T02:13:19,43.0297,13.1192
2016-10-28T13:56:32,42.8653,13.21
2016-10-28T13:56:39,42.8653,13.2083
2016-10-28T15:56:59,42.7847,13.1138
2016-10-28T19:56:31,42.8617,13.1555
2016-10-28T20:02:43,49.2672,13.5468
2016-10-28T23:18:10,42.8803,13.0897
2016-10-29T08:48:54,42.9913,13.058
2016-10-29T10:16:25,42.8483,13.1582
2016-10-29T11:58:04,49.9507,15.8397
2016-10-29T16:24:33,42.8113,13.0947
2016-10-30T06:40:17,42.8303,13.1092
2016-10-30T06:41:16,42.7743,13.1342
2016-10-30T06:42:27,42.8825,13.054
2016-10-30T06:43:08,42.7668,13.1383
2016-10-30T06:43:46,442.9,16.14
2016-10-30T06:44:30,42.8623,13.0793
2016-10-30T06:48:27,42.7833,13.1642
2016-10-30T06:48:52,42.6867,13.198|
2016-10-30T06:50:43,42.8068,13.1952
2016-10-30T06:51:14,42.8933,13.0772
2016-10-30T06:51:55,42.7832,13.1297
2016-10-30T06:55:41,42.7137,13.1953
2016-10-30T06:55:54,42.7513,13.2273
2016-10-30T06:56:05,42.7997,13.1095
2016-10-30T06:56:38,42.8437,13.1453
2016-10-30T06:57:21,42.8612,13.0923
2016-10-30T06:59:31,42.8812,13.142|
2016-10-30T06:59:45,42.8308,13.1903
2016-10-30T07:00:40,42.8778,13.0523
2016-10-30T07:01:32,42.7777,13.2213
2016-10-30T07:03:22,42.8067,13.1207
2016-10-30T07:04:59,42.8273,13.0602
2016-10-30T07:05:56,42.7937,13.1568
2016-10-30T07:06:45,42.8747,13.0583
2016-10-30T07:07:53,42.7163,13.1902
2016-10-30T07:08:25,42.8163,13.158|
2016-10-30T07:08:35,42.7133,13.1412
2016-10-30T07:09:24,42.8603,13.0558
2016-10-30T07:10:06,42.8043,13.1048
2016-10-30T07:13:05,42.6943,13.2248
2016-10-30T07:13:37,42.7687,13.2307
2016-10-30T07:14:00,42.6823,13.2267
2016-10-30T07:15:53,42.8593,13.0773
2016-10-30T07:16:34,42.7218,13.1943
2016-10-30T07:19:54,42.8253,13.0915
2016-10-30T07:23:40,42.7827,13.1348
2016-10-30T07:24:38,42.7283,13.2223
2016-10-30T07:30:12,42.8032,13.08|1
2016-10-30T07:34:47,42.9273,13.1328
2016-10-30T07:37:20,42.8837,13.1027
2016-10-30T07:38:59,42.6822,13.1567
2016-10-30T07:40:32,42.7778,13.1773
2016-10-30T07:41:07,42.8587,13.0567
2016-10-30T07:42:45,42.6682,13.3028
2016-10-30T07:42:56,42.7427,13.1807
2016-10-30T07:44:15,42.9378,13.194|
2016-10-30T07:44:45,42.8097,13.1407
2016-10-30T07:45:03,42.8332,13.0402
2016-10-30T07:59:17,42.7867,13.0865
2016-10-30T08:00:09,42.7967,13.122|
2016-10-30T08:10:51,42.8593,13.0505
2016-10-30T08:13:04,42.8928,13.1535
2016-10-30T08:21:54,42.8277,13.1128
2016-10-30T08:22:52,42.7287,13.1367
2016-10-30T08:24:35,42.7762,13.0708
2016-10-30T08:31:06,42.8848,13.1008
2016-10-30T08:32:00,42.9003,13.1557
2016-10-30T08:34:21,42.8603,13.0538
2016-10-30T08:35:58,42.8367,13.0788
2016-10-30T08:37:04,42.7405,13.261|
2016-10-30T08:41:19,442.895,13.1898
2016-10-30T08:57:55,442.7108,13.2188
2016-10-30T09:02:29,442.9362,13.2052
2016-10-30T09:04:45,442.6932,13.2182
2016-10-30T09:27:07,445.1467,16.2073
2016-10-30T09:51:04,442.8467,13.1357
2016-10-30T10:19:26,442.8113,13.1418
2016-10-30T10:24:33,442.9423,13.1923
2016-10-30T10:26:24,442.8378,13.0747
2016-10-30T10:49:43,444.1418,12.2677
2016-10-30T10:50:37,442.7838,13.085
2016-10-30T11:00:49,442.8152,13.0897
2016-10-30T11:05:54,442.9322,13.1887
2016-10-30T11:14:20,442.806,3.1922
2016-10-30T11:14:51,42.9337,13.1867
2016-10-30T11:20:21,42.8068,13.1852
2016-10-30T11:21:08,43.0623,13.0662
2016-10-30T11:40:00,42.8952,13.1452
2016-10-30T11:58:17,42.8448,13.0565
2016-10-30T12:07:00,42.8418,13.0757
2016-10-30T12:26:17,42.9392,13.1832
2016-10-30T13:02:31,42.7312,13.152
2016-10-30T13:14:16,42.764,3.0615
2016-10-30T13:21:28,43.0185,13.1212
2016-10-30T13:34:54,42.8063,13.1658
2016-10-30T14:03:18,42.9387,13.2112
2016-10-30T14:14:19,42.8997,13.1947
2016-10-30T14:14:39,42.7818,13.0788
2016-10-30T14:45:22,42.9005,13.1638
2016-10-30T16:07:21,43.0605,13.064
2016-10-30T17:49:13,42.9127,13.1333
2016-10-30T18:21:09,42.7823,13.1503
2016-10-30T18:39:29,42.8163,13.0927
2016-10-30T23:05:31,42.9142,13.2002
2016-10-31T02:49:41,43.0672,13.0597
2016-10-31T03:27:40,42.7612,13.0858
2016-10-31T03:32:37,42.9445,13.1907
2016-10-31T06:17:19,42.7657,13.2093
2016-10-31T07:05:44,42.8388,13.1263
2016-10-31T08:37:33,43.0252,13.0812
2016-10-31T09:34:17,442.81,13.1563
2016-11-01T03:19:05,42.902,13.2927
2016-11-01T06:36:05,43.0053,13.1343
2016-11-01T07:56:40,42.9902,13.1345
2016-11-01T08:07:24,42.9863,13.1507
2016-11-01T15:13:43,42.9048,13.1682
2016-11-01T17:59:13,42.804,13.1312
2016-11-01T18:02:54,42.8043,13.1283
2016-11-01T18:03:07,42.8003,13.1567
2016-11-01T19:03:20,42.7968,13.04
2016-11-02T06:08:48,43.0333,13.0513
2016-11-02T06:41:13,42.79,13.16
2016-11-02T19:37:49,42.8767,13.0605
2016-11-03T00:35:01,43.0277,13.0493
2016-11-03T11:59:17,42.908|,13.2137
2016-11-03T13:10:45,42.6875,13.1698
2016-11-03T14:41:29,42.9937,13.0745
2016-11-03T20:32:40,42.7982,13.1122
2016-11-05T11:05:45,42.9355,13.2107
2016-11-05T19:11:58,42.9562,13.2042
2016-11-06T03:19:31,43.0622,13.0602
2016-11-06T18:15:19,42.7985,13.1733
2016-11-07T18:56:17,42.8882,13.1475
2016-11-09T03:15:08,42.9962,13.1437
2016-11-09T06:13:10,42.6628,13.1912
2016-11-09T06:29:55,42.7193,13.1727
2016-11-10T02:48:13,44.2953,6.0898
2016-11-10T13:50:59,42.8832,13.1307
2016-11-11T00:36:55,42.7888,13.1223
2016-11-12T12:34:11,42.9963,13.1403
2016-11-12T12:59:18,42.9972,13.1378
2016-11-12T14:43:33,42.7187,13.2057
2016-11-12T22:32:23,42.7948,13.1322
2016-11-14T01:33:43,42.8587,13.1562
2016-11-14T19:49:52,42.9453,13.1527
2016-11-23T00:02:4,42.830,13.117
2016-11-23T21:11:1,42.713,13.270
2016-11-25T21:09:1,39.130,15.539
2016-11-27T19:09:1,43.012,13.078
2016-11-27T19:34:2,43.012,13.073
2016-11-27T21:41:1,43.012,13.066
2016-11-28T07:53:2,43.011,13.068
2016-11-28T16:21:4,43.015,13.069
2016-11-28T22:28:4,43.013,13.073
2016-11-29T01:52:5,42.812,12.762
2016-11-29T03:35:3,42.762,13.243
2016-11-29T16:14:0,42.529,13.280
2016-11-30T05:52:5,44.777,10.649
2016-12-01T11:30:5,43.001,13.077
2016-12-03T02:42:3,42.984,13.078
2016-12-03T04:08:3,38.537,14.299
2016-12-04T20:22:2,43.041,13.098
2016-12-06T02:13:4,40.550,15.823
2016-12-08T21:21:3,42.731,13.536
2016-12-09T07:21:5,44.332,10.481
2016-12-09T12:56:5,43.425,6.3308
2016-12-11T12:54:5,42.904,13.117
2016-12-13T21:47:5,42.986,13.078
2016-12-14T03:54:0,42.641,13.322
2016-12-14T13:40:3,43.018,13.070
2016-12-23T23:39:2,42.478,18.535
2016-12-26T19:56:4,42.929,13.203
2017-01-02T03:36:1,42.803,12.752
2017-01-18T09:25:4,42.545,13.276
2017-01-18T10:14:0,42.531,13.283
2017-01-18T10:15:3,42.527,13.285
2017-01-18T10:16:3,42.537,13.267
2017-01-18T10:24:1,42.580,13.311
2017-01-18T10:25:2,42.503,13.277
2017-01-18T10:29:3,42.503,13.287
2017-01-18T10:30:3,42.535,13.249
2017-01-18T10:37:4,42.507,13.265
2017-01-18T10:39:2,42.533,13.271
2017-01-18T10:41:4,42.481,13.277
2017-01-18T10:51:1,42.488,13.274
2017-01-18T11:00:5,42.507,13.342
2017-01-18T11:07:3,42.619,13.255
2017-01-18T12:01:3,42.543,13.291
2017-01-18T12:30:4,42.504,13.272
2017-01-18T13:19:5,42.485,13.273
2017-01-18T13:33:3,42.473,13.274
2017-01-18T13:35:2,42.526,13.278
2017-01-18T13:56:3,42.531,13.276
2017-01-18T14:01:0,42.609,13.309
2017-01-18T14:37:4,42.496,13.369
2017-01-18T14:52:2,42.532,13.267
2017-01-18T15:11:3,42.488,13.301
2017-01-18T15:16:1,42.599,13.287
2017-01-18T16:45:1,42.469,13.310
2017-01-18T17:09:0,42.595,13.250
2017-01-18T19:32:3,42.580,13.232
2017-01-19T01:53:0,42.597,3.3053
2017-01-21T09:35:5,42.712,13.207
2017-01-21T10:59:2,42.457,13.285
2017-01-27T17:07:5,40.800,19.753
2017-01-29T05:10:5,42.616,13.299
2017-01-29T11:20:2,37.814,14.083
2017-01-30T09:51:0,37.673,14.988
2017-02-01T14:49:2,37.047,17.266
2017-02-03T03:47:5,42.993,13.020
2017-02-03T04:10:0,42.992,3.0173
2017-02-03T05:40:3,42.999,13.024
2017-02-03T21:33:0,40.994,12.597
2017-02-03T23:08:0,41.015,12.624
2017-02-03T23:37:4,42.612,13.300
2017-02-04T03:41:5,42.980,13.036
2017-02-06T23:38:5,42.976,13.032
2017-02-09T08:14:0,45.774,11.146
2017-02-09T09:58:2,42.664,12.680
2017-02-12T13:55:2,43.007,13.036
2017-02-14T08:28:0,42.689,13.216
2017-02-20T03:13:3,42.501,13.257
2017-02-22T04:30:1,42.607,13.225
2017-02-23T03:17:3,42.602,13.230
2017-02-27T06:20:1,38.399,14.773
2017-03-06T20:12:0,46.924,8.9118
2017-03-09T03:50:2,39.030,15.454
2017-03-10T13:37:5,39.028,15.441
2017-03-13T01:31:5,43.798,16.864
2017-03-14T15:57:1,42.914,13.148
2017-03-20T05:02:4,42.564,13.322
2017-03-25T21:57:4,41.509,14.993
2017-04-08T13:53:0,41.754,19.935
2017-04-11T14:35:2,43.014,13.126
2017-04-11T17:04:5,43.017,3.1162
2017-04-15T23:55:2,36.219,18.806
2017-04-23T04:25:3,41.829,15.784
2017-04-27T21:09:2,42.955,13.046
2017-04-27T21:16:5,42.957,13.045
2017-04-27T21:19:4,42.952,3.0467
2017-06-03T13:25:0,44.503,9.5973
2017-06-04T18:00:5,45.668,10.686
2017-06-09T12:15:4,42.452,13.348
2017-06-20T01:37:1,44.203,11.516
2017-06-23T14:15:1,41.43|,.91|10
2017-06-29T21:41:2,42.634,13.210
2017-06-30T00:25:1,42.631,13.214
2017-07-01T08:10:3,46.442,7.1328
2017-07-01T19:17:2,42.649,13.315
2017-07-06T06:04:4,38.864,16.897
2017-07-22T02:13:0,42.567,3.3255
2017-07-30T21:19:3,42.447,15.293
2017-08-08T04:33:5,42.396,15.216
2017-08-08T09:35:0,45.157,14.697
2017-08-08T20:42:3,45.151,14.689
2017-08-09T11:37:0,45.130,14.732
2017-08-11T02:38:3,39.291,15.850
2017-08-21T18:57:5,40.738,13.897
2017-08-23T09:16:2,35.663,14.86|
2017-08-25T17:10:4,35.568,15.235
2017-09-05T04:34:2,42.543,13.332
2017-09-10T18:00:5,44.816,9.6873
2017-09-10T19:58:0,42.084,13.324
016-09-15T14:40:52,2.768,13.133
2016-09-15T14:43:51,2.774,13.130
2016-09-15T14:44:24,2.776,13.134
2016-09-19T23:34:25,2.673,13.277
2016-10-07T07:27:07,6.548,9.5448
2016-10-08T12:19:03,2.744,13.174
2016-10-08T18:11:09,2.738,13.185
2016-10-09T04:42:42,2.740,13.185
2016-10-16T09:32:35,2.747,13.175
2016-10-24T14:44:12,6.226,7.6013
2016-10-25T16:53:00,3.606,11.000
2016-10-26T17:10:36,2.874,13.124
2016-10-26T17:10:36,2.878,13.127
2016-10-26T19:18:05,2.902,3.1277
2016-10-26T19:18:07,2.904,13.090
2016-10-26T19:19:24,2.953,13.065
2016-10-26T19:22:56,2.945,3.0748
2016-10-26T19:24:21,2.973,13.066
2016-10-26T19:25:18,2.935,13.072
2016-10-26T19:26:03,3.018,13.059
2016-10-26T19:43:43,2.894,13.068
2016-10-26T19:49:26,2.963,13.056
2016-10-26T21:24:51,2.871,13.074
2016-10-26T21:42:01,2.864,3.1223
2016-10-26T23:52:30,2.842,13.164
2016-10-27T00:21:29,2.995,13.114
2016-10-27T01:37:05,2.844,13.160
2016-10-27T02:44:45,2.906,13.049
2016-10-27T03:19:27,2.842,13.142
2016-10-27T03:50:24,2.984,13.120
2016-10-27T07:50:29,2.821,13.140
2016-10-27T08:21:45,2.874,13.099
2016-10-27T12:19:00,3.021,13.126
2016-10-27T17:22:22,2.839,13.098
2016-10-27T17:23:43,2.848,13.108
2016-10-28T02:13:19,3.029,13.119
2016-10-28T13:56:32,2.865,13.21|
2016-10-28T13:56:39,2.865,13.208
2016-10-28T15:56:59,2.784,13.113
2016-10-28T19:56:31,2.861,13.155
2016-10-28T20:02:43,9.267,13.546
2016-10-28T23:18:10,2.880,13.089
2016-10-29T08:48:54,2.991,13.058
2016-10-29T10:16:25,2.848,13.158
2016-10-29T11:58:04,9.950,15.839
2016-10-29T16:24:33,2.811,13.094
2016-10-30T06:40:17,2.830,13.109
2016-10-30T06:41:16,2.774,13.134
2016-10-30T06:42:27,2.882,13.054
2016-10-30T06:43:08,2.766,13.138
2016-10-30T06:43:46,2.9|1,1455|6
2016-10-30T06:44:30,2.862,13.079
2016-10-30T06:48:27,2.783,13.164
2016-10-30T06:48:52,2.686,13.198
2016-10-30T06:50:43,2.806,13.195
2016-10-30T06:51:14,2.893,13.077
2016-10-30T06:51:55,2.783,13.129
2016-10-30T06:55:41,2.713,13.195
2016-10-30T06:55:54,2.751,13.227
2016-10-30T06:56:05,2.799,13.109
2016-10-30T06:56:38,2.843,13.145
2016-10-30T06:57:21,2.861,13.092
2016-10-30T06:59:31,2.881,13.142
2016-10-30T06:59:45,2.830,13.190
2016-10-30T07:00:40,2.877,13.052
2016-10-30T07:01:32,2.777,13.221
2016-10-30T07:03:22,2.806,13.120
2016-10-30T07:04:59,2.827,13.060
2016-10-30T07:05:56,2.793,13.156
2016-10-30T07:06:45,2.874,13.058
2016-10-30T07:07:53,2.716,13.190
2016-10-30T07:08:25,2.816,13.158
2016-10-30T07:08:35,2.713,13.141
2016-10-30T07:09:24,2.860,13.055
2016-10-30T07:10:06,2.804,13.104
2016-10-30T07:13:05,2.694,13.224
2016-10-30T07:13:37,2.768,13.230
2016-10-30T07:14:00,2.682,13.226
2016-10-30T07:15:53,2.859,13.077
2016-10-30T07:16:34,2.721,13.194
2016-10-30T07:19:54,2.825,13.091
2016-10-30T07:23:40,2.782,13.134
2016-10-30T07:24:38,2.728,13.222
2016-10-30T07:30:12,2.803,13.08|
2016-10-30T07:34:47,2.927,13.132
2016-10-30T07:37:20,2.883,13.102
2016-10-30T07:38:59,2.682,13.156
2016-10-30T07:40:32,2.777,13.177
2016-10-30T07:41:07,2.858,13.056
2016-10-30T07:42:45,2.668,13.302
2016-10-30T07:42:56,2.742,13.180
2016-10-30T07:44:15,2.937,13.194
2016-10-30T07:44:45,2.809,13.140
2016-10-30T07:45:03,2.833,13.040
2016-10-30T07:59:17,2.786,13.086
2016-10-30T08:00:09,2.796,13.122
2016-10-30T08:10:51,2.859,13.050
2016-10-30T08:13:04,2.892,13.153
2016-10-30T08:21:54,2.827,13.112
2016-10-30T08:22:52,2.728,13.136
2016-10-30T08:24:35,2.776,13.070
2016-10-30T08:31:06,2.884,13.100
2016-10-30T08:32:00,2.900,13.155
2016-10-30T08:34:21,2.860,13.053
2016-10-30T08:35:58,2.836,13.078
2016-10-30T08:37:04,2.740,13.261
2016-10-30T08:41:19,2.895,3.1898
2016-10-30T08:57:55,2.710,13.218
2016-10-30T09:02:29,2.936,13.205
2016-10-30T09:04:45,2.693,13.218
2016-10-30T09:27:07,5.146,16.207
2016-10-30T09:51:04,2.846,13.135
2016-10-30T10:19:26,2.811,13.141
2016-10-30T10:24:33,2.942,13.192
2016-10-30T10:26:24,2.837,13.074
2016-10-30T10:49:43,4.141,12.267
2016-10-30T10:50:37,2.783,13.085
2016-10-30T11:00:49,2.815,13.089
2016-10-30T11:05:54,2.932,13.188
2016-10-30T11:14:20,2.806,3.1922
2016-10-30T11:14:51,2.933,13.186
2016-10-30T11:20:21,2.806,13.185
2016-10-30T11:21:08,3.062,13.066
2016-10-30T11:40:00,2.895,13.145
2016-10-30T11:58:17,2.844,13.056
2016-10-30T12:07:00,2.841,13.075
2016-10-30T12:26:17,2.939,13.183
2016-10-30T13:02:31,2.731,13.152
2016-10-30T13:14:16,2.764,3.0615
2016-10-30T13:21:28,3.018,13.121
2016-10-30T13:34:54,2.806,13.165
2016-10-30T14:03:18,2.938,13.211
2016-10-30T14:14:19,2.899,13.194
2016-10-30T14:14:39,2.781,13.078
2016-10-30T14:45:22,2.900,13.163
2016-10-30T16:07:21,3.060,13.064
2016-10-30T17:49:13,2.912,13.133
2016-10-30T18:21:09,2.782,13.150
2016-10-30T18:39:29,2.816,13.092
2016-10-30T23:05:31,2.914,13.200
2016-10-31T02:49:41,3.067,13.059
2016-10-31T03:27:40,2.761,13.085
2016-10-31T03:32:37,2.944,13.190
2016-10-31T06:17:19,2.765,13.209
2016-10-31T07:05:44,2.838,13.126
2016-10-31T08:37:33,3.025,13.081
2016-10-31T09:34:17,2.819,3.1563
2016-11-01T03:19:05,2.902,3.2927
2016-11-01T06:36:05,3.005,13.134
2016-11-01T07:56:40,2.990,13.134
2016-11-01T08:07:24,2.986,13.150
2016-11-01T15:13:43,2.904,13.168
2016-11-01T17:59:13,2.804,3.1312
2016-11-01T18:02:54,2.804,13.128
2016-11-01T18:03:07,2.800,13.156
2016-11-01T19:03:20,2.796,13.04|
2016-11-02T06:08:48,3.033,13.051
2016-11-02T06:41:13,2.79|,.1668|
2016-11-02T19:37:49,2.876,13.060
2016-11-03T00:35:01,3.027,13.049
2016-11-03T11:59:17,2.908,3.2137
2016-11-03T13:10:45,2.687,13.169
2016-11-03T14:41:29,2.993,13.074
2016-11-03T20:32:40,2.798,13.112
2016-11-05T11:05:45,2.935,13.210
2016-11-05T19:11:58,2.956,13.204
2016-11-06T03:19:31,3.062,13.060
2016-11-06T18:15:19,2.798,13.173
2016-11-07T18:56:17,2.888,13.147
2016-11-09T03:15:08,2.996,13.143
2016-11-09T06:13:10,2.662,13.191
2016-11-09T06:29:55,2.719,13.172
2016-11-10T02:48:13,4.295,6.0898
2016-11-10T13:50:59,2.883,13.130
2016-11-11T00:36:55,2.788,13.122
2016-11-12T12:34:11,2.996,13.140
2016-11-12T12:59:18,2.997,13.137
2016-11-12T14:43:33,2.718,13.205
2016-11-12T22:32:23,2.794,13.132
2016-11-14T01:33:43,2.858,13.156
2016-11-14T19:49:52,2.945,13.152
2016-11-23T00:02:42,42.830,13.117
2016-11-23T21:11:17,42.713,13.270
2016-11-25T21:09:11,39.130,15.539
2016-11-27T19:09:19,43.012,13.078
2016-11-27T19:34:28,43.012,3.0738
2016-11-27T21:41:14,43.012,13.066
2016-11-28T07:53:28,43.011,13.068
2016-11-28T16:21:42,43.015,13.069
2016-11-28T22:28:40,43.013,13.073
2016-11-29T01:52:59,42.812,12.762
2016-11-29T03:35:34,42.762,13.243
2016-11-29T16:14:02,42.529,13.280
2016-11-30T05:52:55,44.777,10.649
2016-12-01T11:30:53,43.001,13.077
2016-12-03T02:42:38,42.984,13.078
2016-12-03T04:08:36,38.537,14.299
2016-12-04T20:22:20,43.041,13.098
2016-12-06T02:13:49,40.550,15.823
2016-12-08T21:21:35,42.731,13.536
2016-12-09T07:21:50,44.332,10.481
2016-12-09T12:56:59,43.425,6.3308
2016-12-11T12:54:52,42.904,13.117
2016-12-13T21:47:59,42.986,13.078
2016-12-14T03:54:00,42.641,13.322
2016-12-14T13:40:32,43.018,3.0702
2016-12-23T23:39:22,42.478,18.535
2016-12-26T19:56:44,42.929,3.2037
2017-01-02T03:36:13,42.803,12.752
2017-01-18T09:25:40,42.545,3.2768
2017-01-18T10:14:09,42.531,3.2838
2017-01-18T10:15:33,42.527,13.285
2017-01-18T10:16:39,42.537,13.267
2017-01-18T10:24:14,42.580,13.311
2017-01-18T10:25:23,42.503,13.277
2017-01-18T10:29:38,42.503,3.2877
2017-01-18T10:30:33,42.535,13.249
2017-01-18T10:37:46,42.507,3.2653
2017-01-18T10:39:24,42.533,13.271
2017-01-18T10:41:42,42.481,13.277
2017-01-18T10:51:16,42.488,3.2747
2017-01-18T11:00:53,42.507,13.342
2017-01-18T11:07:37,42.619,13.255
2017-01-18T12:01:39,42.543,13.291
2017-01-18T12:30:49,42.504,13.272
2017-01-18T13:19:52,42.485,13.273
2017-01-18T13:33:36,42.473,13.274
2017-01-18T13:35:21,42.526,3.2787
2017-01-18T13:56:32,42.531,3.2765
2017-01-18T14:01:09,42.609,13.309
2017-01-18T14:37:49,42.496,13.369
2017-01-18T14:52:26,42.532,13.267
2017-01-18T15:11:38,42.488,13.301
2017-01-18T15:16:10,42.599,13.287
2017-01-18T16:45:17,42.469,13.310
2017-01-18T17:09:02,42.595,13.250
2017-01-18T19:32:31,42.580,13.232
2017-01-19T01:53:07,42.597,3.3053
2017-01-21T09:35:56,42.712,13.207
2017-01-21T10:59:28,42.457,13.285
2017-01-27T17:07:59,40.800,19.753
2017-01-29T05:10:54,42.616,13.299
2017-01-29T11:20:24,37.814,14.083
2017-01-30T09:51:07,37.673,14.988
2017-02-01T14:49:23,37.047,17.266
2017-02-03T03:47:55,42.993,13.020
2017-02-03T04:10:05,42.992,3.0173
2017-02-03T05:40:34,42.999,13.024
2017-02-03T21:33:02,40.994,12.597
2017-02-03T23:08:05,41.015,12.624
2017-02-03T23:37:43,42.612,13.300
2017-02-04T03:41:58,42.980,13.036
2017-02-06T23:38:56,42.976,13.032
2017-02-09T08:14:08,45.774,11.146
2017-02-09T09:58:27,42.664,12.680
2017-02-12T13:55:21,43.007,13.036
2017-02-14T08:28:04,42.689,13.216
2017-02-20T03:13:30,42.501,13.257
2017-02-22T04:30:16,42.607,13.225
2017-02-23T03:17:31,42.602,13.230
2017-02-27T06:20:15,38.399,14.773
2017-03-06T20:12:07,46.924,8.9118
2017-03-09T03:50:20,39.030,15.454
2017-03-10T13:37:54,39.028,15.441
2017-03-13T01:31:56,43.798,16.864
2017-03-14T15:57:13,42.914,13.148
2017-03-20T05:02:41,42.564,13.322
2017-03-25T21:57:46,41.509,14.993
2017-04-08T13:53:04,41.754,19.935
2017-04-11T14:35:23,43.014,13.126
2017-04-11T17:04:55,43.017,3.1162
2017-04-15T23:55:23,36.219,18.806
2017-04-23T04:25:36,41.829,15.784
2017-04-27T21:09:26,42.955,13.046
2017-04-27T21:16:58,42.957,13.045
2017-04-27T21:19:42,42.952,3.0467
2017-06-03T13:25:05,44.503,9.5973
2017-06-04T18:00:56,45.668,10.686
2017-06-09T12:15:44,42.452,13.348
2017-06-20T01:37:12,44.203,11.516
2017-06-23T14:15:15,41.43|,.91|10
2017-06-29T21:41:21,42.634,13.210
2017-06-30T00:25:17,42.631,13.214
2017-07-01T08:10:34,46.442,7.1328
2017-07-01T19:17:26,42.649,13.315
2017-07-06T06:04:48,38.864,16.897
2017-07-22T02:13:08,42.567,3.3255
2017-07-30T21:19:33,42.447,15.293
2017-08-08T04:33:53,42.396,15.216
2017-08-08T09:35:07,45.157,14.697
2017-08-08T20:42:36,45.151,14.689
2017-08-09T11:37:05,45.130,14.732
2017-08-11T02:38:34,39.291,15.850
2017-08-21T18:57:51,40.738,13.897
2017-08-23T09:16:24,35.663,4.861
2017-08-25T17:10:45,35.568,15.235
2017-09-05T04:34:21,42.543,13.332
2017-09-10T18:00:55,44.816,9.6873
2017-09-10T19:58:09,42.084,13.324
2016-09-15T14:43:51,42.774,13.130
2016-09-15T14:44:24,42.776,13.134
2016-09-19T23:34:25,42.673,13.277
2016-10-07T07:27:07,46.548,9.5448
2016-10-08T12:19:03,42.744,13.174
2016-10-08T18:11:09,42.738,13.185
2016-10-09T04:42:42,42.740,13.185
2016-10-16T09:32:35,42.747,13.175
2016-10-24T14:44:12,46.226,7.6013
2016-10-25T16:53:00,43.606,11.000
2016-10-26T17:10:36,42.874,13.124
2016-10-26T17:10:36,42.878,13.127
2016-10-26T19:18:05,42.902,3.1277
2016-10-26T19:18:07,42.904,13.090
2016-10-26T19:19:24,42.953,13.065
2016-10-26T19:22:56,42.945,3.0748
2016-10-26T19:24:21,42.973,13.066
2016-10-26T19:25:18,42.935,13.072
2016-10-26T19:26:03,43.018,13.059
2016-10-26T19:43:43,42.894,13.068
2016-10-26T19:49:26,42.963,13.056
2016-10-26T21:24:51,42.871,13.074
2016-10-26T21:42:01,42.864,3.1223
2016-10-26T23:52:30,42.842,13.164
2016-10-27T00:21:29,42.995,13.114
2016-10-27T01:37:05,42.844,13.160
2016-10-27T02:44:45,42.906,13.049
2016-10-27T03:19:27,42.842,13.142
2016-10-27T03:50:24,42.984,13.120
2016-10-27T07:50:29,42.821,13.140
2016-10-27T08:21:45,42.874,13.099
2016-10-27T12:19:00,43.021,13.126
2016-10-27T17:22:22,42.839,13.098
2016-10-27T17:23:43,42.848,13.108
2016-10-28T02:13:19,43.029,13.119
2016-10-28T13:56:32,42.865,13.21|
2016-10-28T13:56:39,42.865,13.208
2016-10-28T15:56:59,42.784,13.113
2016-10-28T19:56:31,42.861,13.155
2016-10-28T20:02:43,39.267,13.546
2016-10-28T23:18:10,42.880,13.089
2016-10-29T08:48:54,42.991,13.058
2016-10-29T10:16:25,42.848,13.158
2016-10-29T11:58:04,39.950,15.839
2016-10-29T16:24:33,42.811,13.094
2016-10-30T06:40:17,42.830,13.109
2016-10-30T06:41:16,42.774,13.134
2016-10-30T06:42:27,42.882,13.054
2016-10-30T06:43:08,42.766,13.138
2016-10-30T06:43:46,42.9|1,1455|6
2016-10-30T06:44:30,42.862,13.079
2016-10-30T06:48:27,42.783,13.164
2016-10-30T06:48:52,42.686,13.198
2016-10-30T06:50:43,42.806,13.195
2016-10-30T06:51:14,42.893,13.077
2016-10-30T06:51:55,42.783,13.129
2016-10-30T06:55:41,42.713,13.195
2016-10-30T06:55:54,42.751,13.227
2016-10-30T06:56:05,42.799,13.109
2016-10-30T06:56:38,42.843,13.145
2016-10-30T06:57:21,42.861,13.092
2016-10-30T06:59:31,42.881,13.142
2016-10-30T06:59:45,42.830,13.190
2016-10-30T07:00:40,42.877,13.052
2016-10-30T07:01:32,42.777,13.221
2016-10-30T07:03:22,42.806,13.120
2016-10-30T07:04:59,42.827,13.060
2016-10-30T07:05:56,42.793,13.156
2016-10-30T07:06:45,42.874,13.058
2016-10-30T07:07:53,42.716,13.190
2016-10-30T07:08:25,42.816,13.158
2016-10-30T07:08:35,42.713,13.141
2016-10-30T07:09:24,42.860,13.055
2016-10-30T07:10:06,42.804,13.104
2016-10-30T07:13:05,42.694,13.224
2016-10-30T07:13:37,42.768,13.230
2016-10-30T07:14:00,42.682,13.226
2016-10-30T07:15:53,42.859,13.077
2016-10-30T07:16:34,42.721,13.194
2016-10-30T07:19:54,42.825,13.091
2016-10-30T07:23:40,42.782,13.134
2016-10-30T07:24:38,42.728,13.222
2016-10-30T07:30:12,42.803,13.08|
2016-10-30T07:34:47,42.927,13.132
2016-10-30T07:37:20,42.883,13.102
2016-10-30T07:38:59,42.682,13.156
2016-10-30T07:40:32,42.777,13.177
2016-10-30T07:41:07,42.858,13.056
2016-10-30T07:42:45,42.668,13.302
2016-10-30T07:42:56,42.742,13.180
2016-10-30T07:44:15,42.937,13.194
2016-10-30T07:44:45,42.809,13.140
2016-10-30T07:45:03,42.833,13.040
2016-10-30T07:59:17,42.786,13.086
2016-10-30T08:00:09,42.796,13.122
2016-10-30T08:10:51,42.859,13.050
2016-10-30T08:13:04,42.892,13.153
2016-10-30T08:21:54,42.827,13.112
2016-10-30T08:22:52,42.728,13.136
2016-10-30T08:24:35,42.776,13.070
2016-10-30T08:31:06,42.884,13.100
2016-10-30T08:32:00,42.900,13.155
2016-10-30T08:34:21,42.860,13.053
2016-10-30T08:35:58,42.836,13.078
2016-10-30T08:37:04,42.740,13.261
2016-10-30T08:41:19,42.895,3.1898
2016-10-30T08:57:55,42.710,13.218
2016-10-30T09:02:29,42.936,13.205
2016-10-30T09:04:45,42.693,13.218
2016-10-30T09:27:07,35.146,16.207
2016-10-30T09:51:04,42.846,13.135
2016-10-30T10:19:26,42.811,13.141
2016-10-30T10:24:33,42.942,13.192
2016-10-30T10:26:24,42.837,13.074
2016-10-30T10:49:43,44.141,12.267
2016-10-30T10:50:37,42.783,13.085
2016-10-30T11:00:49,42.815,13.089
2016-10-30T11:05:54,42.932,13.188
2016-10-30T11:14:20,42.806,3.1922
2016-10-30T11:14:51,42.933,13.186
2016-10-30T11:20:21,42.806,13.185
2016-10-30T11:21:08,43.062,13.066
2016-10-30T11:40:00,42.895,13.145
2016-10-30T11:58:17,42.844,13.056
2016-10-30T12:07:00,42.841,13.075
2016-10-30T12:26:17,42.939,13.183
2016-10-30T13:02:31,42.731,13.152
2016-10-30T13:14:16,42.764,3.0615
2016-10-30T13:21:28,43.018,13.121
2016-10-30T13:34:54,42.806,13.165
2016-10-30T14:03:18,42.938,13.211
2016-10-30T14:14:19,42.899,13.194
2016-10-30T14:14:39,42.781,13.078
2016-10-30T14:45:22,42.900,13.163
2016-10-30T16:07:21,43.060,13.064
2016-10-30T17:49:13,42.912,13.133
2016-10-30T18:21:09,42.782,13.150
2016-10-30T18:39:29,42.816,13.092
2016-10-30T23:05:31,42.914,13.200
2016-10-31T02:49:41,43.067,13.059
2016-10-31T03:27:40,42.761,13.085
2016-10-31T03:32:37,42.944,13.190
2016-10-31T06:17:19,42.765,13.209
2016-10-31T07:05:44,42.838,13.126
2016-10-31T08:37:33,43.025,13.081
2016-10-31T09:34:17,42.819,3.1563
2016-11-01T03:19:05,42.902,3.2927
2016-11-01T06:36:05,43.005,13.134
2016-11-01T07:56:40,42.990,13.134
2016-11-01T08:07:24,42.986,13.150
2016-11-01T15:13:43,42.904,13.168
2016-11-01T17:59:13,42.804,3.1312
2016-11-01T18:02:54,42.804,13.128
2016-11-01T18:03:07,42.800,13.156
2016-11-01T19:03:20,42.796,13.04|
2016-11-02T06:08:48,43.033,13.051
2016-11-02T06:41:13,42.79|,.1668|
2016-11-02T19:37:49,42.876,13.060
2016-11-03T00:35:01,43.027,13.049
2016-11-03T11:59:17,42.908,3.2137
2016-11-03T13:10:45,42.687,13.169
2016-11-03T14:41:29,42.993,13.074
2016-11-03T20:32:40,42.798,13.112
2016-11-05T11:05:45,42.935,13.210
2016-11-05T19:11:58,42.956,13.204
2016-11-06T03:19:31,43.062,13.060
2016-11-06T18:15:19,42.798,13.173
2016-11-07T18:56:17,42.888,13.147
2016-11-09T03:15:08,42.996,13.143
2016-11-09T06:13:10,42.662,13.191
2016-11-09T06:29:55,42.719,13.172
2016-11-10T02:48:13,44.295,6.0898
2016-11-10T13:50:59,42.883,13.130
2016-11-11T00:36:55,42.788,13.122
2016-11-12T12:34:11,42.996,13.140
2016-11-12T12:59:18,42.997,13.137
2016-11-12T14:43:33,42.718,13.205
2016-11-12T22:32:23,42.794,13.132
2016-11-14T01:33:43,42.858,13.156
2016-11-14T19:49:52,42.945,13.152
2016-11-23T00:02:42,42.830,13.117
2016-11-23T21:11:17,42.713,13.270
2016-11-25T21:09:11,39.130,15.539
2016-11-27T19:09:19,43.012,13.078
2016-11-27T19:34:28,43.012,3.0738
2016-11-27T21:41:14,43.012,13.066
2016-11-28T07:53:28,43.011,13.068
2016-11-28T16:21:42,43.015,13.069
2016-11-28T22:28:40,43.013,13.073
2016-11-29T01:52:59,42.812,12.762
2016-11-29T03:35:34,42.762,13.243
2016-11-29T16:14:02,42.529,13.280
2016-11-30T05:52:55,44.777,10.649
2016-12-01T11:30:53,43.001,13.077
2016-12-03T02:42:38,42.984,13.078
2016-12-03T04:08:36,38.537,14.299
2016-12-04T20:22:20,43.041,13.098
2016-12-06T02:13:49,40.550,15.823
2016-12-08T21:21:35,42.731,13.536
2016-12-09T07:21:50,44.332,10.481
2016-12-09T12:56:59,43.425,6.3308
2016-12-11T12:54:52,42.904,13.117
2016-12-13T21:47:59,42.986,13.078
2016-12-14T03:54:00,42.641,13.322
2016-12-14T13:40:32,43.018,3.0702
2016-12-23T23:39:22,42.478,18.535
2016-12-26T19:56:44,42.929,3.2037
2017-01-02T03:36:13,42.803,12.752
2017-01-18T09:25:40,42.545,3.2768
2017-01-18T10:14:09,42.531,3.2838
2017-01-18T10:15:33,42.527,13.285
2017-01-18T10:16:39,42.537,13.267
2017-01-18T10:24:14,42.580,13.311
2017-01-18T10:25:23,42.503,13.277
2017-01-18T10:29:38,42.503,3.2877
2017-01-18T10:30:33,42.535,13.249
2017-01-18T10:37:46,42.507,3.2653
2017-01-18T10:39:24,42.533,13.271
2017-01-18T10:41:42,42.481,13.277
2017-01-18T10:51:16,42.488,3.2747
2017-01-18T11:00:53,42.507,13.342
2017-01-18T11:07:37,42.619,13.255
2017-01-18T12:01:39,42.543,13.291
2017-01-18T12:30:49,42.504,13.272
2017-01-18T13:19:52,42.485,13.273
2017-01-18T13:33:36,42.473,13.274
2017-01-18T13:35:21,42.526,3.2787
2017-01-18T13:56:32,42.531,3.2765
2017-01-18T14:01:09,42.609,13.309
2017-01-18T14:37:49,42.496,13.369
2017-01-18T14:52:26,42.532,13.267
2017-01-18T15:11:38,42.488,13.301
2017-01-18T15:16:10,42.599,13.287
2017-01-18T16:45:17,42.469,13.310
2017-01-18T17:09:02,42.595,13.250
2017-01-18T19:32:31,42.580,13.232
2017-01-19T01:53:07,42.597,13.305
2017-01-21T09:35:56,42.712,13.207
2017-01-21T10:59:28,42.457,13.285
2017-01-27T17:07:59,40.800,19.753
2017-01-29T05:10:54,42.616,13.299
2017-01-29T11:20:24,37.814,14.083
2017-01-30T09:51:07,37.673,14.988
2017-02-01T14:49:23,37.047,17.266
2017-02-03T03:47:55,42.993,13.020
2017-02-03T04:10:05,42.992,3.0173
2017-02-03T05:40:34,42.999,13.024
2017-02-03T21:33:02,40.994,12.597
2017-02-03T23:08:05,41.015,12.624
2017-02-03T23:37:43,42.612,13.300
2017-02-04T03:41:58,42.980,13.036
2017-02-06T23:38:56,42.976,13.032
2017-02-09T08:14:08,45.774,11.146
2017-02-09T09:58:27,42.664,12.680
2017-02-12T13:55:21,43.007,13.036
2017-02-14T08:28:04,42.689,13.216
2017-02-20T03:13:30,42.501,13.257
2017-02-22T04:30:16,42.607,13.225
2017-02-23T03:17:31,42.602,13.230
2017-02-27T06:20:15,38.399,14.773
2017-03-06T20:12:07,46.924,8.9118
2017-03-09T03:50:20,39.030,15.454
2017-03-10T13:37:54,39.028,15.441
2017-03-13T01:31:56,43.798,16.864
2017-03-14T15:57:13,42.914,13.148
2017-03-20T05:02:41,42.564,13.322
2017-03-25T21:57:46,41.509,14.993
2017-04-08T13:53:04,41.754,19.935
2017-04-11T14:35:23,43.014,13.126
2017-04-11T17:04:55,43.017,3.1162
2017-04-15T23:55:23,36.219,18.806
2017-04-23T04:25:36,41.829,15.784
2017-04-27T21:09:26,42.955,13.046
2017-04-27T21:16:58,42.957,13.045
2017-04-27T21:19:42,42.952,3.0467
2017-06-03T13:25:05,44.503,9.5973
2017-06-04T18:00:56,45.668,10.686
2017-06-09T12:15:44,42.452,13.348
2017-06-20T01:37:12,44.203,11.516
2017-06-23T14:15:15,41.430,19.91
2017-06-29T21:41:21,42.634,13.210
2017-06-30T00:25:17,42.631,13.214
2017-07-01T08:10:34,46.442,7.1328
2017-07-01T19:17:26,42.649,13.315
2017-07-06T06:04:48,38.864,16.897
2017-07-22T02:13:08,42.567,13.3255
2017-07-30T21:19:33,42.447,15.293
2017-08-08T04:33:53,42.396,15.216
2017-08-08T09:35:07,45.157,14.697
2017-08-08T20:42:36,45.151,14.689
2017-08-09T11:37:05,45.130,14.732
2017-08-11T02:38:34,39.291,15.850
2017-08-21T18:57:51,40.738,13.897
2017-08-23T09:16:24,35.663,14.861
2017-08-25T17:10:45,35.568,15.235
2017-09-05T04:34:21,42.543,13.332
2017-09-10T18:00:55,44.816,9.6873
2017-09-10T19:58:09,42.084,13.324
2016-09-15T14:43:51,42.7747,13.130
2016-09-15T14:44:24,42.7762,13.134
2016-09-19T23:34:25,42.6737,13.277
2016-10-07T07:27:07,46.5488,9.5448
2016-10-08T12:19:03,42.7442,13.174
2016-10-08T18:11:09,42.7383,13.185
2016-10-09T04:42:42,42.7403,13.185
2016-10-16T09:32:35,42.7477,13.175
2016-10-24T14:44:12,46.2267,7.6013
2016-10-25T16:53:00,43.6063,11.000
2016-10-26T17:10:36,42.8747,13.124
2016-10-26T17:10:36,42.8788,13.127
2016-10-26T19:18:05,42.902,13.1277
2016-10-26T19:18:07,42.9048,13.090
2016-10-26T19:19:24,42.9538,13.065
2016-10-26T19:22:56,42.945,13.0748
2016-10-26T19:24:21,42.9737,13.066
2016-10-26T19:25:18,42.9358,13.072
2016-10-26T19:26:03,43.0182,13.059
2016-10-26T19:43:43,42.8947,13.068
2016-10-26T19:49:26,42.9632,13.056
2016-10-26T21:24:51,42.8713,13.074
2016-10-26T21:42:01,42.864|,3.1223
2016-10-26T23:52:30,42.8428,13.164
2016-10-27T00:21:29,42.9957,13.114
2016-10-27T01:37:05,42.8442,13.160
2016-10-27T02:44:45,42.9065,13.049
2016-10-27T03:19:27,42.8427,13.142
2016-10-27T03:50:24,42.9847,13.120
2016-10-27T07:50:29,42.8217,13.140
2016-10-27T08:21:45,42.8747,13.099
2016-10-27T12:19:00,43.0213,13.126
2016-10-27T17:22:22,42.8398,13.098
2016-10-27T17:23:43,42.8487,13.108
2016-10-28T02:13:19,43.0297,13.119
2016-10-28T13:56:32,42.8653,13.21
2016-10-28T13:56:39,42.8653,13.208
2016-10-28T15:56:59,42.7847,13.113
2016-10-28T19:56:31,42.8617,13.155
2016-10-28T20:02:43,39.2672,13.546
2016-10-28T23:18:10,42.8803,13.089
2016-10-29T08:48:54,42.9913,13.058
2016-10-29T10:16:25,42.8483,13.158
2016-10-29T11:58:04,39.9507,15.839
2016-10-29T16:24:33,42.8113,13.094
2016-10-30T06:40:17,42.8303,13.109
2016-10-30T06:41:16,42.7743,13.134
2016-10-30T06:42:27,42.8825,13.054
2016-10-30T06:43:08,42.7668,13.138
2016-10-30T06:43:46,42.913,13.145
2016-10-30T06:44:30,42.8623,13.079
2016-10-30T06:48:27,42.7833,13.164
2016-10-30T06:48:52,42.6867,13.198
2016-10-30T06:50:43,42.8068,13.195
2016-10-30T06:51:14,42.8933,13.077
2016-10-30T06:51:55,42.7832,13.129
2016-10-30T06:55:41,42.7137,13.195
2016-10-30T06:55:54,42.7513,13.227
2016-10-30T06:56:05,42.7997,13.109
2016-10-30T06:56:38,42.8437,13.145
2016-10-30T06:57:21,42.8612,13.092
2016-10-30T06:59:31,42.8812,13.142
2016-10-30T06:59:45,42.8308,13.190
2016-10-30T07:00:40,42.8778,13.052
2016-10-30T07:01:32,42.7777,13.221
2016-10-30T07:03:22,42.8067,13.120
2016-10-30T07:04:59,42.8273,13.060
2016-10-30T07:05:56,42.7937,13.156
2016-10-30T07:06:45,42.8747,13.058
2016-10-30T07:07:53,42.7163,13.190
2016-10-30T07:08:25,42.8163,13.158
2016-10-30T07:08:35,42.7133,13.141
2016-10-30T07:09:24,42.8603,13.055
2016-10-30T07:10:06,42.8043,13.104
2016-10-30T07:13:05,42.6943,13.224
2016-10-30T07:13:37,42.7687,13.230
2016-10-30T07:14:00,42.6823,13.226
2016-10-30T07:15:53,42.8593,13.077
2016-10-30T07:16:34,42.7218,13.194
2016-10-30T07:19:54,42.8253,13.091
2016-10-30T07:23:40,42.7827,13.134
2016-10-30T07:24:38,42.7283,13.222
2016-10-30T07:30:12,42.8032,13.08|
2016-10-30T07:34:47,42.9273,13.132
2016-10-30T07:37:20,42.8837,13.102
2016-10-30T07:38:59,42.6822,13.156
2016-10-30T07:40:32,42.7778,13.177
2016-10-30T07:41:07,42.8587,13.056
2016-10-30T07:42:45,42.6682,13.302
2016-10-30T07:42:56,42.7427,13.180
2016-10-30T07:44:15,42.9378,13.194
2016-10-30T07:44:45,42.8097,13.140
2016-10-30T07:45:03,42.8332,13.040
2016-10-30T07:59:17,42.7867,13.086
2016-10-30T08:00:09,42.7967,13.122
2016-10-30T08:10:51,42.8593,13.050
2016-10-30T08:13:04,42.8928,13.153
2016-10-30T08:21:54,42.8277,13.112
2016-10-30T08:22:52,42.7287,13.136
2016-10-30T08:24:35,42.7762,13.070
2016-10-30T08:31:06,42.8848,13.100
2016-10-30T08:32:00,42.9003,13.155
2016-10-30T08:34:21,42.8603,13.053
2016-10-30T08:35:58,42.8367,13.078
2016-10-30T08:37:04,42.7405,13.261
2016-10-30T08:41:19,42.895|,3.1898
2016-10-30T08:57:55,42.7108,13.218
2016-10-30T09:02:29,42.9362,13.205
2016-10-30T09:04:45,42.6932,13.218
2016-10-30T09:27:07,35.1467,16.207
2016-10-30T09:51:04,42.8467,13.135
2016-10-30T10:19:26,42.8113,13.141
2016-10-30T10:24:33,42.9423,13.192
2016-10-30T10:26:24,42.8378,13.074
2016-10-30T10:49:43,44.1418,12.267
2016-10-30T10:50:37,42.7838,13.085
2016-10-30T11:00:49,42.8152,13.089
2016-10-30T11:05:54,42.9322,13.188
2016-10-30T11:14:20,42.806|,3.1922
2016-10-30T11:14:51,42.9337,13.186
2016-10-30T11:20:21,42.8068,13.185
2016-10-30T11:21:08,43.0623,13.066
2016-10-30T11:40:00,42.8952,13.145
2016-10-30T11:58:17,42.8448,13.056
2016-10-30T12:07:00,42.8418,13.075
2016-10-30T12:26:17,42.9392,13.183
2016-10-30T13:02:31,42.7312,13.152
2016-10-30T13:14:16,42.764|,3.0615
2016-10-30T13:21:28,43.0185,13.121
2016-10-30T13:34:54,42.8063,13.165
2016-10-30T14:03:18,42.9387,13.211
2016-10-30T14:14:19,42.8997,13.194
2016-10-30T14:14:39,42.7818,13.078
2016-10-30T14:45:22,42.9005,13.163
2016-10-30T16:07:21,43.0605,13.064
2016-10-30T17:49:13,42.9127,13.133
2016-10-30T18:21:09,42.7823,13.150
2016-10-30T18:39:29,42.8163,13.092
2016-10-30T23:05:31,42.9142,13.200
2016-10-31T02:49:41,43.0672,13.059
2016-10-31T03:27:40,42.7612,13.085
2016-10-31T03:32:37,42.9445,13.190
2016-10-31T06:17:19,42.7657,13.209
2016-10-31T07:05:44,42.8388,13.126
2016-10-31T08:37:33,43.0252,13.081
2016-10-31T09:34:17,42.819|,3.1563
2016-11-01T03:19:05,42.902|,3.2927
2016-11-01T06:36:05,43.0053,13.134
2016-11-01T07:56:40,42.9902,13.134
2016-11-01T08:07:24,42.9863,13.150
2016-11-01T15:13:43,42.9048,13.168
2016-11-01T17:59:13,42.804,13.131
2016-11-01T18:02:54,42.8043,13.128
2016-11-01T18:03:07,42.8003,13.156
2016-11-01T19:03:20,42.7968,13.04
2016-11-02T06:08:48,43.0333,13.051
2016-11-02T06:41:13,42.79,13.166
2016-11-02T19:37:49,42.8767,13.060
2016-11-03T00:35:01,43.0277,13.049
2016-11-03T11:59:17,42.908,13.213
2016-11-03T13:10:45,42.6875,13.169
2016-11-03T14:41:29,42.9937,13.074
2016-11-03T20:32:40,42.7982,13.112
2016-11-05T11:05:45,42.9355,13.210
2016-11-05T19:11:58,42.9562,13.204
2016-11-06T03:19:31,43.0622,13.060
2016-11-06T18:15:19,42.7985,13.173
2016-11-07T18:56:17,42.8882,13.147
2016-11-09T03:15:08,42.9962,13.143
2016-11-09T06:13:10,42.6628,13.191
2016-11-09T06:29:55,42.7193,13.172
2016-11-10T02:48:13,44.2953,6.0898
2016-11-10T13:50:59,42.8832,13.130
2016-11-11T00:36:55,42.7888,13.122
2016-11-12T12:34:11,42.9963,13.140
2016-11-12T12:59:18,42.9972,13.137
2016-11-12T14:43:33,42.7187,13.205
2016-11-12T22:32:23,42.7948,13.132
2016-11-14T01:33:43,42.8587,13.156
2016-11-14T19:49:52,42.9453,13.152
2016-11-23T00:02:42,42.830,13.11
2016-11-23T21:11:17,42.713,13.27
2016-11-25T21:09:11,39.130,15.53
2016-11-27T19:09:19,43.012,13.07
2016-11-27T19:34:28,43.012,13.073
2016-11-27T21:41:14,43.012,13.06
2016-11-28T07:53:28,43.011,13.06
2016-11-28T16:21:42,43.015,13.06
2016-11-28T22:28:40,43.013,13.07
2016-11-29T01:52:59,42.812,12.76
2016-11-29T03:35:34,42.762,13.24
2016-11-29T16:14:02,42.529,13.28
2016-11-30T05:52:55,44.777,10.64
2016-12-01T11:30:53,43.001,13.07
2016-12-03T02:42:38,42.984,13.07
2016-12-03T04:08:36,38.537,14.29
2016-12-04T20:22:20,43.041,13.09
2016-12-06T02:13:49,40.550,15.82
2016-12-08T21:21:35,42.731,13.53
2016-12-09T07:21:50,44.332,10.48
2016-12-09T12:56:59,43.425,6.330
2016-12-11T12:54:52,42.904,13.11
2016-12-13T21:47:59,42.986,13.07
2016-12-14T03:54:00,42.641,13.32
2016-12-14T13:40:32,43.018,3.070
2016-12-23T23:39:22,42.478,18.53
2016-12-26T19:56:44,42.929,3.203
2017-01-02T03:36:13,42.803,12.75
2017-01-18T09:25:40,42.545,3.276
2017-01-18T10:14:09,42.531,3.283
2017-01-18T10:15:33,42.527,13.28
2017-01-18T10:16:39,42.537,13.26
2017-01-18T10:24:14,42.580,13.31
2017-01-18T10:25:23,42.503,13.27
2017-01-18T10:29:38,42.503,3.287
2017-01-18T10:30:33,42.535,13.24
2017-01-18T10:37:46,42.507,3.265
2017-01-18T10:39:24,42.533,13.27
2017-01-18T10:41:42,42.481,13.27
2017-01-18T10:51:16,42.488,3.274
2017-01-18T11:00:53,42.507,13.34
2017-01-18T11:07:37,42.619,13.25
2017-01-18T12:01:39,42.543,13.29
2017-01-18T12:30:49,42.504,13.27
2017-01-18T13:19:52,42.485,13.27
2017-01-18T13:33:36,42.473,13.27
2017-01-18T13:35:21,42.526,3.278
2017-01-18T13:56:32,42.531,3.276
2017-01-18T14:01:09,42.609,13.30
2017-01-18T14:37:49,42.496,13.36
2017-01-18T14:52:26,42.532,13.26
2017-01-18T15:11:38,42.488,13.30
2017-01-18T15:16:10,42.599,13.28
2017-01-18T16:45:17,42.469,13.31
2017-01-18T17:09:02,42.595,13.25
2017-01-18T19:32:31,42.580,13.23
2017-01-19T01:53:07,42.597,3.305
2017-01-21T09:35:56,42.712,13.20
2017-01-21T10:59:28,42.457,13.28
2017-01-27T17:07:59,40.800,19.75
2017-01-29T05:10:54,42.616,13.29
2017-01-29T11:20:24,37.814,14.08
2017-01-30T09:51:07,37.673,14.98
2017-02-01T14:49:23,37.047,17.26
2017-02-03T03:47:55,42.993,13.02
2017-02-03T04:10:05,42.992,3.017
2017-02-03T05:40:34,42.999,13.02
2017-02-03T21:33:02,40.994,12.59
2017-02-03T23:08:05,41.015,12.62
2017-02-03T23:37:43,42.612,13.30
2017-02-04T03:41:58,42.980,13.03
2017-02-06T23:38:56,42.976,13.03
2017-02-09T08:14:08,45.774,11.14
2017-02-09T09:58:27,42.664,12.68
2017-02-12T13:55:21,43.007,13.03
2017-02-14T08:28:04,42.689,13.21
2017-02-20T03:13:30,42.501,13.25
2017-02-22T04:30:16,42.607,13.22
2017-02-23T03:17:31,42.602,13.23
2017-02-27T06:20:15,38.399,14.77
2017-03-06T20:12:07,46.924,8.911
2017-03-09T03:50:20,39.030,15.45
2017-03-10T13:37:54,39.028,15.44
2017-03-13T01:31:56,43.798,16.86
2017-03-14T15:57:13,42.914,13.14
2017-03-20T05:02:41,42.564,13.32
2017-03-25T21:57:46,41.509,14.99
2017-04-08T13:53:04,41.754,19.93
2017-04-11T14:35:23,43.014,13.12
2017-04-11T17:04:55,43.017,3.116
2017-04-15T23:55:23,36.219,18.80
2017-04-23T04:25:36,41.829,15.78
2017-04-27T21:09:26,42.955,13.04
2017-04-27T21:16:58,42.957,13.04
2017-04-27T21:19:42,42.952,3.046
2017-06-03T13:25:05,44.503,9.597
2017-06-04T18:00:56,45.668,10.68
2017-06-09T12:15:44,42.452,13.34
2017-06-20T01:37:12,44.203,11.51
2017-06-23T14:15:15,41.43|,.91|1
2017-06-29T21:41:21,42.634,13.21
2017-06-30T00:25:17,42.631,13.21
2017-07-01T08:10:34,46.442,7.132
2017-07-01T19:17:26,42.649,13.31
2017-07-06T06:04:48,38.864,16.89
2017-07-22T02:13:08,42.567,3.325
2017-07-30T21:19:33,42.447,15.29
2017-08-08T04:33:53,42.396,15.21
2017-08-08T09:35:07,45.157,14.69
2017-08-08T20:42:36,45.151,14.68
2017-08-09T11:37:05,45.130,14.73
2017-08-11T02:38:34,39.291,15.85
2017-08-21T18:57:51,40.738,13.89
2017-08-23T09:16:24,35.663,4.86|
2017-08-25T17:10:45,35.568,15.23
2017-09-05T04:34:21,42.543,13.33
2017-09-10T18:00:55,44.816,9.687
2017-09-10T19:58:09,42.084,13.32
2018-09-25T13:14:21,38.188,17.26
2018-09-26T22:50:24,38.604,14.96
2018-09-28T05:24:31,38.385,15.73
2018-09-28T12:03:57,38.383,15.75
2018-09-28T18:58:56,39.809,15.42
2018-09-30T06:23:06,37.639,14.49
2018-09-30T17:24:06,37.823,15.08
2018-10-03T01:23:01,38.397,15.72
2018-10-04T07:07:17,39.538,15.21
2018-10-06T00:34:19,37.608,14.93
2018-10-09T21:08:53,37.607,14.90
2018-10-09T22:43:50,37.748,15.78
2018-10-12T05:40:41,47.229,11.31
2018-10-13T01:55:47,41.921,15.16
2018-10-18T18:34:18,39.964,15.50
2018-10-23T22:47:54,37.779,15.01
2018-10-25T23:28:42,42.877,12.69
2018-10-26T08:28:56,37.895,14.46
2018-10-26T09:30:09,36.644,12.75
2018-10-27T12:58:05,40.365,16.25
2018-10-29T04:10:53,42.875,12.70
2018-11-01T00:14:33,38.256,15.10
2018-11-01T05:28:28,42.781,12.72
2018-11-06T18:50:17,42.272,12.83
2018-11-07T11:18:56,40.982,15.03
2018-11-07T11:19:11,40.985,15.03
2018-11-09T12:45:54,40.850,16.57
2018-11-10T07:59:36,46.300,13.23
2018-11-14T15:01:02,38.399,15.75
2018-11-14T15:15:03,38.378,15.74
2018-11-15T01:02:55,42.692,13.23
2018-11-16T01:17:11,39.808,16.46
2018-11-17T10:50:35,46.529,12.53
2018-11-17T19:25:28,39.055,15.23
2018-11-18T12:48:46,44.051,12.48
2018-11-20T05:06:21,37.711,14.92
2018-11-20T05:06:36,37.708,14.89
2018-11-20T05:53:42,37.710,14.91
2018-11-20T07:57:15,45.948,14.28
2018-11-20T16:50:19,40.486,15.16
2018-11-22T07:35:08,40.105,14.46
2018-11-25T19:32:08,39.144,15.36
2018-11-26T19:20:02,42.731,13.05
2018-11-26T23:04:21,44.631,9.508
2018-11-29T13:08:05,39.474,16.24
2018-12-01T19:09:51,42.890,13.14
2018-12-03T00:06:47,44.251,11.04
2018-12-04T07:30:45,41.760,13.59
2018-12-06T19:06:48,40.661,10.73
2018-12-07T03:16:44,39.289,14.28
2018-12-08T07:56:29,37.769,16.67
2018-12-12T20:50:13,37.806,4.192
2018-12-13T04:14:13,37.812,14.19
2018-12-16T12:34:15,38.529,14.56
2018-12-16T19:29:33,37.738,15.03
2018-12-21T06:24:07,38.262,14.84
2018-12-21T17:50:45,43.574,12.33
2018-12-24T09:59:31,37.749,4.997
2018-12-24T10:08:57,37.755,4.997
2018-12-24T10:27:01,37.813,5.107
2018-12-24T11:01:50,37.744,4.97|
2018-12-24T11:12:04,37.718,5.033
2018-12-24T11:26:20,37.721,5.017
2018-12-24T12:04:50,37.726,4.946
2018-12-24T12:08:55,37.718,5.037
2018-12-24T12:19:28,37.722,5.042
2018-12-24T12:31:51,37.731,5.032
2018-12-24T13:49:51,37.717,5.043
2018-12-24T15:43:12,37.715,5.049
2018-12-24T16:50:10,37.716,5.039
2018-12-24T18:26:19,37.71|,.043|
2018-12-24T18:43:31,37.69|,.979|
2018-12-24T19:00:02,37.707,5.033
2018-12-24T19:26:18,37.688,4.965
2018-12-24T19:45:44,37.704,5.018
2018-12-24T19:59:30,37.665,4.989
2018-12-24T22:37:24,37.716,5.014
2018-12-25T12:45:44,37.674,4.911
2018-12-26T00:09:17,37.643,5.126
2018-12-26T02:19:14,37.644,5.116
2018-12-26T13:14:54,37.749,5.126
2018-12-26T17:48:09,38.641,14.80
2018-12-29T23:52:48,41.868,12.78
2018-12-30T18:30:50,37.73|,.966|
2019-01-01T18:37:46,41.877,13.54
2019-01-03T23:01:15,37.655,4.939
2019-01-04T03:54:03,37.695,4.935
2019-01-04T04:10:36,37.698,4.939
2019-01-05T01:47:36,37.143,15.01
2019-01-06T02:54:08,38.709,15.69
2019-01-06T09:50:13,41.665,14.16
2019-01-08T23:50:34,37.795,5.046
2019-01-12T11:20:33,39.306,5.417
2019-01-14T23:03:57,44.346,12.28
2019-01-14T23:29:07,44.377,12.30
2019-01-17T02:19:23,39.382,16.79
2019-01-18T19:04:08,39.247,5.804
2019-01-25T09:51:30,45.101,14.89
2019-01-25T15:52:07,38.628,15.43
2019-01-30T02:51:05,39.598,17.04
2019-02-01T00:33:08,42.514,12.63
2019-02-01T22:18:09,43.989,1.665
2019-02-02T11:54:37,37.604,14.96
2019-02-05T08:09:11,42.423,13.31
2019-02-05T17:49:00,38.639,15.07
2019-02-10T19:00:19,42.117,16.42
2019-02-13T21:56:44,40.825,17.81
2019-02-15T09:16:21,38.820,16.01
2019-02-19T03:52:06,37.789,14.31
2019-03-04T14:32:35,38.824,15.72
2019-03-15T05:33:20,38.592,16.06
2019-03-16T06:10:23,44.426,11.60
2019-03-27T17:14:22,37.733,15.15
2019-03-27T20:59:17,43.109,13.95
2019-03-27T22:03:51,43.101,13.95
2019-03-28T09:22:26,43.062,4.008
2019-03-28T09:55:37,43.103,13.94
2019-04-05T02:54:25,38.642,14.18
2019-04-05T02:55:03,38.659,14.20
2019-04-14T21:15:09,43.087,13.19
2019-04-15T19:19:23,41.260,15.85
2019-04-17T03:46:49,42.910,12.62
2019-04-20T04:25:52,43.017,13.46
2019-04-20T19:14:24,37.366,15.18
2019-04-27T00:44:55,37.800,15.16
2019-04-27T00:54:39,37.822,15.11
2019-04-30T13:42:22,41.891,13.55
2019-05-01T13:52:15,39.535,16.32
2019-05-02T21:01:36,38.109,15.17
2019-05-04T04:41:46,39.684,5.409
2019-05-07T02:40:50,37.646,15.91
2019-05-07T08:09:22,37.829,14.21
2019-05-07T13:29:31,37.840,14.20
2019-05-09T03:14:23,45.959,13.78
2019-05-15T02:09:53,42.906,13.15
2019-05-18T18:30:45,43.397,13.92
2019-05-18T19:35:15,43.064,13.03
2019-05-21T04:45:25,43.373,13.92
2019-05-21T08:13:33,41.299,16.30
2019-05-22T14:37:36,44.846,9.927
2019-05-25T10:38:02,44.529,10.13
2019-05-26T23:31:57,38.516,16.14
2019-05-28T08:48:06,46.374,6.782
2019-05-30T16:48:50,39.724,15.57
2019-06-01T09:14:19,38.496,16.15
2019-06-05T17:35:02,44.959,7.047
2019-06-05T20:23:18,37.851,14.55
2019-06-05T22:29:30,43.251,12.47
2019-06-06T15:24:04,41.717,15.10
2019-06-07T10:22:54,43.981,10.15
2019-06-07T19:00:43,38.54|,.4282
2019-06-10T13:17:09,42.605,13.27
2019-06-11T06:54:43,46.088,14.21
2019-06-12T01:10:22,39.518,5.654
2019-06-14T13:57:23,46.397,12.99
2019-06-15T04:12:45,46.396,12.99
2019-06-15T17:31:30,42.926,11.88
2019-06-16T13:40:55,46.401,13.00
2019-06-20T09:15:58,38.503,16.15
2019-06-23T20:43:47,41.858,12.76
2019-06-27T17:42:58,38.406,14.72
2019-06-27T23:06:13,36.263,11.23
2019-06-28T23:03:05,43.434,11.11
2019-07-07T21:09:32,46.389,12.99
2019-07-08T04:38:27,37.659,4.841
2019-07-08T16:48:50,37.673,4.811
2019-07-11T21:50:35,40.556,15.60
2019-07-13T09:56:39,37.300,5.686
2019-07-16T19:20:22,38.439,16.80
2019-07-26T04:07:53,38.698,18.15
2019-07-28T19:19:14,46.167,13.05
2019-08-02T05:07:41,38.615,15.67
2019-08-05T10:16:21,37.664,3.220
2019-08-08T05:31:27,40.764,15.48
2019-08-08T05:36:35,45.775,11.06
2019-08-09T03:35:22,35.549,12.87
2019-08-09T11:48:16,43.055,13.28
2019-08-13T11:17:17,44.461,9.816
2019-08-14T18:11:04,42.640,13.19
2019-08-14T23:26:23,38.015,15.87
2019-08-15T17:45:12,39.639,16.80
2019-08-17T01:43:03,42.729,12.55
2019-08-17T16:52:19,43.928,11.82
2019-08-17T21:35:10,38.714,14.74
2019-08-17T22:01:36,43.921,11.83
2019-08-21T11:44:39,37.695,5.098
2019-08-21T18:04:27,41.612,11.66
2019-08-22T03:20:31,39.207,17.15
2019-08-27T13:18:49,42.626,3.130
2019-09-01T00:02:39,42.797,13.13
2019-09-01T00:04:02,42.798,13.13
2019-09-01T00:17:53,42.804,13.13
2019-09-01T14:37:53,37.207,18.44
2019-09-04T15:52:24,37.907,4.984
2019-09-06T14:11:33,39.264,16.13
2019-09-09T02:57:47,39.323,15.59
2019-09-09T10:24:13,39.091,15.92
2018-09-18T19:04:53,41.448,19.53
2018-09-25T13:14:21,38.188,17.26
2018-09-26T22:50:24,38.604,14.96
2018-09-28T05:24:31,38.385,15.73
2018-09-28T12:03:57,38.383,15.75
2018-09-28T18:58:56,39.809,15.42
2018-09-30T06:23:06,37.639,14.49
2018-09-30T17:24:06,37.823,15.08
2018-10-03T01:23:01,38.397,15.72
2018-10-04T07:07:17,39.538,15.21
2018-10-06T00:34:19,37.608,14.93
2018-10-09T21:08:53,37.607,14.90
2018-10-09T22:43:50,37.748,15.78
2018-10-12T05:40:41,47.229,11.31
2018-10-13T01:55:47,41.921,15.16
2018-10-18T18:34:18,39.964,15.50
2018-10-23T22:47:54,37.779,15.01
2018-10-25T23:28:42,42.877,12.69
2018-10-26T08:28:56,37.895,14.46
2018-10-26T09:30:09,36.644,12.75
2018-10-27T12:58:05,40.365,16.25
2018-10-29T04:10:53,42.875,12.70
2018-11-01T00:14:33,38.256,15.10
2018-11-01T05:28:28,42.781,12.72
2018-11-06T18:50:17,42.272,12.83
2018-11-07T11:18:56,40.982,15.03
2018-11-07T11:19:11,40.985,15.03
2018-11-09T12:45:54,40.850,16.57
2018-11-10T07:59:36,46.300,13.23
2018-11-14T15:01:02,38.399,15.75
2018-11-14T15:15:03,38.378,15.74
2018-11-15T01:02:55,42.692,13.23
2018-11-16T01:17:11,39.808,16.46
2018-11-17T10:50:35,46.529,12.53
2018-11-17T19:25:28,39.055,15.23
2018-11-18T12:48:46,44.051,12.48
2018-11-20T05:06:21,37.711,14.92
2018-11-20T05:06:36,37.708,14.89
2018-11-20T05:53:42,37.710,14.91
2018-11-20T07:57:15,45.948,14.28
2018-11-20T16:50:19,40.486,15.16
2018-11-22T07:35:08,40.105,14.46
2018-11-25T19:32:08,39.144,15.36
2018-11-26T19:20:02,42.731,13.05
2018-11-26T23:04:21,44.631,9.508
2018-11-29T13:08:05,39.474,16.24
2018-12-01T19:09:51,42.890,13.14
2018-12-03T00:06:47,44.251,11.04
2018-12-04T07:30:45,41.760,13.59
2018-12-06T19:06:48,40.661,10.73
2018-12-07T03:16:44,39.289,14.28
2018-12-08T07:56:29,37.769,16.67
2018-12-12T20:50:13,37.806,4.192
2018-12-13T04:14:13,37.812,14.19
2018-12-16T12:34:15,38.529,14.56
2018-12-16T19:29:33,37.738,15.03
2018-12-21T06:24:07,38.262,14.84
2018-12-21T17:50:45,43.574,12.33
2018-12-24T09:59:31,37.749,4.997
2018-12-24T10:08:57,37.755,4.997
2018-12-24T10:27:01,37.813,5.107
2018-12-24T11:01:50,37.744,4.97|
2018-12-24T11:12:04,37.718,5.033
2018-12-24T11:26:20,37.721,5.017
2018-12-24T12:04:50,37.726,4.946
2018-12-24T12:08:55,37.718,5.037
2018-12-24T12:19:28,37.722,5.042
2018-12-24T12:31:51,37.731,5.032
2018-12-24T13:49:51,37.717,5.043
2018-12-24T15:43:12,37.715,5.049
2018-12-24T16:50:10,37.716,5.039
2018-12-24T18:26:19,37.71|,.043|
2018-12-24T18:43:31,37.69|,.979|
2018-12-24T19:00:02,37.707,5.033
2018-12-24T19:26:18,37.688,4.965
2018-12-24T19:45:44,37.704,5.018
2018-12-24T19:59:30,37.665,4.989
2018-12-24T22:37:24,37.716,5.014
2018-12-25T12:45:44,37.674,4.911
2018-12-26T00:09:17,37.643,5.126
2018-12-26T02:19:14,37.644,5.116
2018-12-26T13:14:54,37.749,5.126
2018-12-26T17:48:09,38.641,14.80
2018-12-29T23:52:48,41.868,12.78
2018-12-30T18:30:50,37.73|,.966|
2019-01-01T18:37:46,41.877,13.54
2019-01-03T23:01:15,37.655,4.939
2019-01-04T03:54:03,37.695,4.935
2019-01-04T04:10:36,37.698,4.939
2019-01-05T01:47:36,37.143,15.01
2019-01-06T02:54:08,38.709,15.69
2019-01-06T09:50:13,41.665,14.16
2019-01-08T23:50:34,37.795,5.046
2019-01-12T11:20:33,39.306,5.417
2019-01-14T23:03:57,44.346,12.28
2019-01-14T23:29:07,44.377,12.30
2019-01-17T02:19:23,39.382,16.79
2019-01-18T19:04:08,39.247,5.804
2019-01-25T09:51:30,45.101,14.89
2019-01-25T15:52:07,38.628,15.43
2019-01-30T02:51:05,39.598,17.04
2019-02-01T00:33:08,42.514,12.63
2019-02-01T22:18:09,43.989,1.665
2019-02-02T11:54:37,37.604,14.96
2019-02-05T08:09:11,42.423,13.31
2019-02-05T17:49:00,38.639,15.07
2019-02-10T19:00:19,42.117,16.42
2019-02-13T21:56:44,40.825,17.81
2019-02-15T09:16:21,38.820,16.01
2019-02-19T03:52:06,37.789,14.31
2019-03-04T14:32:35,38.824,15.72
2019-03-15T05:33:20,38.592,16.06
2019-03-16T06:10:23,44.426,11.60
2019-03-27T17:14:22,37.733,15.15
2019-03-27T20:59:17,43.109,13.95
2019-03-27T22:03:51,43.101,13.95
2019-03-28T09:22:26,43.062,14.00
2019-03-28T09:55:37,43.103,13.94
2019-04-05T02:54:25,38.642,14.18
2019-04-14T21:15:09,43.087,13.193
2019-04-15T19:19:23,41.260,15.853
2019-04-17T03:46:49,42.910,12.627
2019-04-20T04:25:52,43.017,13.464
2019-04-20T19:14:24,37.366,15.185
2019-04-27T00:44:55,37.800,15.162
2019-04-27T00:54:39,37.822,15.110
2019-04-30T13:42:22,41.891,13.558
2019-05-01T13:52:15,39.535,16.325
2019-05-02T21:01:36,38.109,15.178
2019-05-04T04:41:46,39.684,5.4093
2019-05-07T02:40:50,37.646,15.918
2019-05-07T08:09:22,37.829,14.218
2019-05-07T13:29:31,37.840,14.204
2019-05-09T03:14:23,45.959,13.781
2019-05-15T02:09:53,42.906,13.153
2019-05-18T18:30:45,43.397,13.928
2019-05-18T19:35:15,43.064,13.032
2019-05-21T04:45:25,43.373,13.928
2019-05-21T08:13:33,41.299,16.300
2019-05-22T14:37:36,44.846,9.9272
2019-05-25T10:38:02,44.529,10.134
2019-05-26T23:31:57,38.516,16.14|
2019-05-28T08:48:06,46.374,6.782|
2019-05-30T16:48:50,39.724,15.572
2019-06-01T09:14:19,38.496,16.150
2019-06-05T17:35:02,44.959,7.0477
2019-06-05T20:23:18,37.851,14.555
2019-06-05T22:29:30,43.251,12.476
2019-06-06T15:24:04,41.717,15.105
2019-06-07T10:22:54,43.981,10.158
2019-06-07T19:00:43,38.54|,.4282|
2019-06-10T13:17:09,42.605,13.275
2019-06-11T06:54:43,46.088,14.216
2019-06-12T01:10:22,39.518,5.654|
2019-06-14T13:57:23,46.397,12.997
2019-06-15T04:12:45,46.396,12.994
2019-06-15T17:31:30,42.926,11.885
2019-06-16T13:40:55,46.401,13.000
2019-06-20T09:15:58,38.503,16.156
2019-06-23T20:43:47,41.858,12.762
2019-06-27T17:42:58,38.406,14.726
2019-06-27T23:06:13,36.263,11.231
2019-06-28T23:03:05,43.434,11.110
2019-07-07T21:09:32,46.389,12.990
2019-07-08T04:38:27,37.659,4.841|
2019-07-08T16:48:50,37.673,4.811|
2019-07-11T21:50:35,40.556,15.600
2019-07-13T09:56:39,37.300,5.6865
2019-07-16T19:20:22,38.439,16.805
2019-07-26T04:07:53,38.698,18.15|
2019-07-28T19:19:14,46.167,13.055
2019-08-02T05:07:41,38.615,15.676
2019-08-05T10:16:21,37.664,3.2203
2019-08-08T05:31:27,40.764,15.488
2019-08-08T05:36:35,45.775,11.065
2019-08-09T03:35:22,35.549,12.873
2019-08-09T11:48:16,43.055,13.289
2019-08-13T11:17:17,44.461,9.8162
2019-08-14T18:11:04,42.640,13.194
2019-08-14T23:26:23,38.015,15.877
2019-08-15T17:45:12,39.639,16.808
2019-08-17T01:43:03,42.729,12.55|
2019-08-17T16:52:19,43.928,11.825
2019-08-17T21:35:10,38.714,14.747
2019-08-17T22:01:36,43.921,11.834
2019-08-21T11:44:39,37.695,5.098|
2019-08-21T18:04:27,41.612,11.669
2019-08-22T03:20:31,39.207,17.156
2019-08-27T13:18:49,42.626,3.1302
2019-09-01T00:02:39,42.797,13.130
2019-09-01T00:04:02,42.798,13.133
2019-09-01T00:17:53,42.804,13.137
2019-09-01T14:37:53,37.207,18.443
2019-09-04T15:52:24,37.907,4.984|
2019-09-06T14:11:33,39.264,16.138
2019-09-09T02:57:47,39.323,15.590
2019-09-09T10:24:13,39.091,15.926
2018-09-18T19:04:53,41.448,19.532
2018-09-25T13:14:21,38.188,17.262
2018-09-26T22:50:24,38.604,14.964
2018-09-28T05:24:31,38.385,15.731
2018-09-28T12:03:57,38.383,15.750
2018-09-28T18:58:56,39.809,15.429
2018-09-30T06:23:06,37.639,14.493
2018-09-30T17:24:06,37.823,15.088
2018-10-03T01:23:01,38.397,15.726
2018-10-04T07:07:17,39.538,15.212
2018-10-06T00:34:19,37.608,14.939
2018-10-09T21:08:53,37.607,14.904
2018-10-09T22:43:50,37.748,15.787
2018-10-12T05:40:41,47.229,11.318
2018-10-13T01:55:47,41.921,15.165
2018-10-18T18:34:18,39.964,15.503
2018-10-23T22:47:54,37.779,15.010
2018-10-25T23:28:42,42.877,12.698
2018-10-26T08:28:56,37.895,14.461
2018-10-26T09:30:09,36.644,12.751
2018-10-27T12:58:05,40.365,16.251
2018-10-29T04:10:53,42.875,12.703
2018-11-01T00:14:33,38.256,15.102
2018-11-01T05:28:28,42.781,12.727
2018-11-06T18:50:17,42.272,12.838
2018-11-07T11:18:56,40.982,15.031
2018-11-07T11:19:11,40.985,15.035
2018-11-09T12:45:54,40.850,16.572
2018-11-10T07:59:36,46.300,13.232
2018-11-14T15:01:02,38.399,15.754
2018-11-14T15:15:03,38.378,15.745
2018-11-15T01:02:55,42.692,13.232
2018-11-16T01:17:11,39.808,16.460
2018-11-17T10:50:35,46.529,12.530
2018-11-17T19:25:28,39.055,15.232
2018-11-18T12:48:46,44.051,12.485
2018-11-20T05:06:21,37.711,14.922
2018-11-20T05:06:36,37.708,14.896
2018-11-20T05:53:42,37.710,14.918
2018-11-20T07:57:15,45.948,14.283
2018-11-20T16:50:19,40.486,15.161
2018-11-22T07:35:08,40.105,14.461
2018-11-25T19:32:08,39.144,15.360
2018-11-26T19:20:02,42.731,13.053
2018-11-26T23:04:21,44.631,9.5083
2018-11-29T13:08:05,39.474,16.244
2018-12-01T19:09:51,42.890,13.141
2018-12-03T00:06:47,44.251,11.047
2018-12-04T07:30:45,41.760,13.590
2018-12-06T19:06:48,40.661,10.739
2018-12-07T03:16:44,39.289,14.288
2018-12-08T07:56:29,37.769,16.678
2018-12-12T20:50:13,37.806,4.1927
2018-12-13T04:14:13,37.812,14.196
2018-12-16T12:34:15,38.529,14.566
2018-12-16T19:29:33,37.738,15.032
2018-12-21T06:24:07,38.262,14.840
2018-12-21T17:50:45,43.574,12.335
2018-12-24T09:59:31,37.749,4.997
2018-12-24T11:01:50,37.744,14.97
2018-12-24T11:12:04,37.718,15.033
2018-12-24T11:26:20,37.721,15.017
2018-12-24T12:04:50,37.726,14.946
2018-12-24T12:08:55,37.718,15.037
2018-12-24T12:19:28,37.722,15.042
2018-12-24T12:31:51,37.731,15.032
2018-12-24T13:49:51,37.717,15.043
2018-12-24T15:43:12,37.715,15.049
2018-12-24T16:50:10,37.716,15.039
2018-12-24T18:26:19,37.71,15.04
2018-12-24T18:43:31,37.69,14.979
2018-12-24T19:00:02,37.707,15.033
2018-12-24T19:26:18,37.688,14.965
2018-12-24T19:45:44,37.704,15.018
2018-12-24T19:59:30,37.665,14.989
2018-12-24T22:37:24,37.716,15.014
2018-12-25T12:45:44,37.674,14.911
2018-12-26T00:09:17,37.643,15.126
2018-12-26T02:19:14,37.644,15.116
2018-12-26T13:14:54,37.749,15.126
2018-12-26T17:48:09,38.641,14.80
2018-12-29T23:52:48,41.868,12.78
2018-12-30T18:30:50,37.73,14.966
2019-01-01T18:37:46,41.877,13.54
2019-01-03T23:01:15,37.655,14.939
2019-01-04T03:54:03,37.695,14.935
2019-01-04T04:10:36,37.698,14.939
2019-01-05T01:47:36,37.143,15.01
2019-01-06T02:54:08,38.709,15.69
2019-01-06T09:50:13,41.665,14.16
2019-01-08T23:50:34,37.795,15.046
2019-01-12T11:20:33,39.306,15.417
2019-01-14T23:03:57,44.346,12.28
2019-01-14T23:29:07,44.377,12.30
2019-01-25T09:51:30,45.101,14.89
2019-01-25T15:52:07,38.628,15.43
2019-01-30T02:51:05,39.598,17.04
2019-02-01T00:33:08,42.514,12.63
2019-02-01T22:18:09,43.989,1.665
2019-02-02T11:54:37,37.604,14.96
2019-02-05T08:09:11,42.423,13.31
2019-02-05T17:49:00,38.639,15.07
2019-02-10T19:00:19,42.117,16.42
2019-02-13T21:56:44,40.825,17.81
2019-02-15T09:16:21,38.820,16.01
2019-02-19T03:52:06,37.789,14.31
2019-03-04T14:32:35,38.824,15.72
2019-03-15T05:33:20,38.592,16.06
2019-03-16T06:10:23,44.426,11.60
2019-03-27T17:14:22,37.733,15.15
2019-03-27T20:59:17,43.109,13.95
2019-03-27T22:03:51,43.101,13.95
2019-03-28T09:22:26,43.062,4.008
2019-03-28T09:55:37,43.103,13.94
2019-04-05T02:54:25,38.642,14.18
2019-04-05T02:55:03,38.659,14.20
2019-04-14T21:15:09,43.087,13.19
2019-04-15T19:19:23,41.260,15.85
2019-04-17T03:46:49,42.910,12.62
2019-04-20T04:25:52,43.017,13.46
2019-04-20T19:14:24,37.366,15.18
2019-04-27T00:44:55,37.800,15.16
2019-04-27T00:54:39,37.822,15.11
2019-04-30T13:42:22,41.891,13.55
2019-05-01T13:52:15,39.535,16.32
2019-05-02T21:01:36,38.109,15.17
2019-05-04T04:41:46,39.684,5.409
2019-05-07T02:40:50,37.646,15.91
2019-05-07T08:09:22,37.829,14.21
2019-05-07T13:29:31,37.840,14.20
2019-05-09T03:14:23,45.959,13.78
2019-05-15T02:09:53,42.906,13.15
2019-05-18T18:30:45,43.397,13.92
2019-05-18T19:35:15,43.064,13.03
2019-05-21T04:45:25,43.373,13.92
2019-05-21T08:13:33,41.299,16.30
2019-05-22T14:37:36,44.846,9.927
2019-05-25T10:38:02,44.529,10.13
2019-05-26T23:31:57,38.516,16.14
2019-05-28T08:48:06,46.374,6.782
2019-05-30T16:48:50,39.724,15.57
2019-06-01T09:14:19,38.496,16.15
2019-06-05T17:35:02,44.959,7.047
2019-06-05T20:23:18,37.851,14.55
2019-06-05T22:29:30,43.251,12.47
2019-06-06T15:24:04,41.717,15.10
2019-06-07T10:22:54,43.981,10.15
2019-06-07T19:00:43,38.54,14.428
2019-06-10T13:17:09,42.605,13.27
2019-06-11T06:54:43,46.088,14.21
2019-06-12T01:10:22,39.518,5.654
2019-06-14T13:57:23,46.397,12.99
2019-06-15T04:12:45,46.396,12.99
2019-06-15T17:31:30,42.926,11.88
2019-06-16T13:40:55,46.401,13.00
2019-06-20T09:15:58,38.503,16.15
2019-06-23T20:43:47,41.858,12.76
2019-06-27T17:42:58,38.406,14.72
2019-06-27T23:06:13,36.263,11.23
2019-06-28T23:03:05,43.434,11.11
2019-07-07T21:09:32,46.389,12.99
2019-07-08T04:38:27,37.659,4.841
2019-07-08T16:48:50,37.673,4.811
2019-07-11T21:50:35,40.556,15.60
2019-07-13T09:56:39,37.300,5.686
2019-07-16T19:20:22,38.439,16.80
2019-07-26T04:07:53,38.698,18.15
2019-07-28T19:19:14,46.167,13.05
2019-08-02T05:07:41,38.615,15.67
2019-08-05T10:16:21,37.664,13.220
2019-08-08T05:31:27,40.764,15.48
2019-08-08T05:36:35,45.775,11.06
2019-08-09T03:35:22,35.549,12.87
2019-08-09T11:48:16,43.055,13.28
2019-08-13T11:17:17,44.461,9.816
2019-08-14T18:11:04,42.640,13.19
2019-08-14T23:26:23,38.015,15.87
2019-08-15T17:45:12,39.639,16.80
2019-08-17T01:43:03,42.729,12.55
2019-08-17T16:52:19,43.928,11.82
2019-08-17T21:35:10,38.714,14.74
2019-08-17T22:01:36,43.921,11.83
2019-08-21T11:44:39,37.695,5.098
2019-08-21T18:04:27,41.612,11.66
2019-08-22T03:20:31,39.207,17.15
2019-08-27T13:18:49,42.626,3.130
2019-09-01T00:02:39,42.797,13.13
2019-09-01T00:04:02,42.798,13.13
2019-09-01T00:17:53,42.804,13.13
2019-09-01T14:37:53,37.207,18.44
2019-09-04T15:52:24,37.907,4.984
2019-09-06T14:11:33,39.264,16.13
2019-09-09T02:57:47,39.323,15.59
2019-09-09T10:24:13,39.091,15.92
2018-09-18T19:04:53,41.448,19.53
2018-09-25T13:14:21,38.188,17.26
2018-09-26T22:50:24,38.604,14.96
2018-09-28T05:24:31,38.385,15.73
2018-09-28T12:03:57,38.383,15.75
2018-09-28T18:58:56,39.809,15.42
2018-09-30T06:23:06,37.639,14.49
2018-09-30T17:24:06,37.823,15.08
2018-10-03T01:23:01,38.397,15.72
2018-10-04T07:07:17,39.538,15.21
2018-10-06T00:34:19,37.608,14.93
2018-10-09T21:08:53,37.607,14.90
2018-10-09T22:43:50,37.748,15.78
2018-10-12T05:40:41,47.229,11.31
2018-10-13T01:55:47,41.921,15.16
2018-10-18T18:34:18,39.964,15.50
2018-10-23T22:47:54,37.779,15.01
2018-10-25T23:28:42,42.877,12.69
2018-10-26T08:28:56,37.895,14.46
2018-10-26T09:30:09,36.644,12.75
2018-10-27T12:58:05,40.365,16.25
2018-10-29T04:10:53,42.875,12.70
2018-11-01T00:14:33,38.256,15.10
2018-11-01T05:28:28,42.781,12.72
2018-11-06T18:50:17,42.272,12.83
2018-11-07T11:18:56,40.982,15.03
2018-11-07T11:19:11,40.985,15.03
2018-11-09T12:45:54,40.850,16.57
2018-11-10T07:59:36,46.300,13.23
2018-11-14T15:01:02,38.399,15.75
2018-11-14T15:15:03,38.378,15.74
2018-11-15T01:02:55,42.692,13.23
2018-11-16T01:17:11,39.808,16.46
2018-11-17T10:50:35,46.529,12.53
2018-11-17T19:25:28,39.055,15.23
2018-11-18T12:48:46,44.051,12.48
2018-11-20T05:06:21,37.711,14.92
2018-11-20T05:06:36,37.708,14.89
2018-11-20T05:53:42,37.710,14.91
2018-11-20T07:57:15,45.948,14.28
2018-11-20T16:50:19,40.486,15.16
2018-11-22T07:35:08,40.105,14.46
2018-11-25T19:32:08,39.144,15.36
2018-11-26T19:20:02,42.731,13.05
2018-11-26T23:04:21,44.631,9.508
2018-11-29T13:08:05,39.474,16.24
2018-12-01T19:09:51,42.890,13.14
2018-12-03T00:06:47,44.251,11.04
2018-12-04T07:30:45,41.760,13.59
2018-12-06T19:06:48,40.661,10.73
2018-12-07T03:16:44,39.289,14.28
2018-12-08T07:56:29,37.769,16.67
2018-12-12T20:50:13,37.806,14.192
2018-12-13T04:14:13,37.812,14.19
2018-12-16T12:34:15,38.529,14.56
2018-12-16T19:29:33,37.738,15.03
2018-12-21T06:24:07,38.262,14.84
2018-12-21T17:50:45,43.574,12.33
2018-12-24T09:59:31,37.749,14.997
2018-12-24T10:08:57,37.755,14.997
2018-12-24T10:27:01,37.813,15.107
2018-12-24T11:26:20,37.721,15.017
2018-12-24T12:04:50,37.726,14.946
2018-12-24T12:08:55,37.718,15.037
2018-12-24T12:19:28,37.722,15.042
2018-12-24T12:31:51,37.731,15.032
2018-12-24T13:49:51,37.717,15.043
2018-12-24T15:43:12,37.715,15.049
2018-12-24T16:50:10,37.716,15.039
2018-12-24T18:26:19,37.71,5.043
2018-12-24T18:43:31,37.69,4.979
2018-12-24T19:00:02,37.707,15.033
2018-12-24T19:26:18,37.688,14.965
2018-12-24T19:45:44,37.704,15.018
2018-12-24T19:59:30,37.665,14.989
2018-12-24T22:37:24,37.716,15.014
2018-12-25T12:45:44,37.674,14.911
2018-12-26T00:09:17,37.643,15.126
2018-12-26T02:19:14,37.644,15.116
2018-12-26T13:14:54,37.749,15.126
2018-12-26T17:48:09,38.641,|14.80
2018-12-29T23:52:48,41.868,|12.78
2018-12-30T18:30:50,37.73|,4.966|
2019-01-01T18:37:46,41.877,|13.54
2019-01-03T23:01:15,37.655,14.939
2019-01-04T03:54:03,37.695,14.935
2019-01-04T04:10:36,37.698,14.939
2019-01-05T01:47:36,37.143,15.01
2019-01-06T02:54:08,38.709,15.69
2019-01-06T09:50:13,41.665,14.16
2019-01-08T23:50:34,37.795,15.046
2019-01-12T11:20:33,39.306,15.417
2019-01-14T23:03:57,44.346,12.28
2019-01-14T23:29:07,44.377,12.30
2019-01-17T02:19:23,39.382,16.79
2019-01-18T19:04:08,39.247,15.804
2019-01-25T09:51:30,45.101,14.89
2019-01-30T02:51:05,39.598,17.04
2019-02-01T00:33:08,42.514,12.63
2019-02-01T22:18:09,43.989,1.665
2019-02-02T11:54:37,37.604,14.96
2019-02-05T08:09:11,42.423,13.31
2019-02-05T17:49:00,38.639,15.07
2019-02-10T19:00:19,42.117,16.42
2019-02-13T21:56:44,40.825,17.81
2019-02-15T09:16:21,38.820,16.01
2019-02-19T03:52:06,37.789,14.31
2019-03-04T14:32:35,38.824,15.72
2019-03-15T05:33:20,38.592,16.06
2019-03-16T06:10:23,44.426,11.60
2019-03-27T17:14:22,37.733,15.15
2019-03-27T20:59:17,43.109,13.95
2019-03-27T22:03:51,43.101,13.95
2019-03-28T09:22:26,43.062,4.008
2019-03-28T09:55:37,43.103,13.94
2019-04-05T02:54:25,38.642,14.18
2019-04-05T02:55:03,38.659,14.20
2019-04-14T21:15:09,43.087,13.19
2019-04-15T19:19:23,41.260,15.85
2019-04-17T03:46:49,42.910,12.62
2019-04-20T04:25:52,43.017,13.46
2019-04-20T19:14:24,37.366,15.18
2019-04-27T00:44:55,37.800,15.16
2019-04-27T00:54:39,37.822,15.11
2019-04-30T13:42:22,41.891,13.55
2019-05-01T13:52:15,39.535,16.32
2019-05-02T21:01:36,38.109,15.17
2019-05-04T04:41:46,39.684,5.409
2019-05-07T02:40:50,37.646,15.91
2019-05-07T08:09:22,37.829,14.21
2019-05-07T13:29:31,37.840,14.20
2019-05-09T03:14:23,45.959,13.78
2019-05-15T02:09:53,42.906,13.15
2019-05-18T18:30:45,43.397,13.92
2019-05-18T19:35:15,43.064,13.03
2019-05-21T04:45:25,43.373,13.92
2019-05-21T08:13:33,41.299,16.30
2019-05-22T14:37:36,44.846,9.927
2019-05-25T10:38:02,44.529,10.13
2019-05-26T23:31:57,38.516,16.14
2019-05-28T08:48:06,46.374,6.782
2019-05-30T16:48:50,39.724,15.57
2019-06-01T09:14:19,38.496,16.15
2019-06-05T17:35:02,44.959,7.047
2019-06-05T20:23:18,37.851,14.55
2019-06-05T22:29:30,43.251,12.47
2019-06-06T15:24:04,41.717,15.10
2019-06-07T10:22:54,43.981,10.15
2019-06-07T19:00:43,38.54|,.4282
2019-06-10T13:17:09,42.605,13.27
2019-06-11T06:54:43,46.088,14.21
2019-06-12T01:10:22,39.518,5.654
2019-06-14T13:57:23,46.397,12.99
2019-06-15T04:12:45,46.396,12.99
2019-06-15T17:31:30,42.926,11.88
2019-06-16T13:40:55,46.401,13.00
2019-06-20T09:15:58,38.503,16.15
2019-06-23T20:43:47,41.858,12.76
2019-06-27T17:42:58,38.406,14.72
2019-06-27T23:06:13,36.263,11.23
2019-06-28T23:03:05,43.434,11.11
2019-07-07T21:09:32,46.389,12.99
2019-07-08T04:38:27,37.659,4.841
2019-07-08T16:48:50,37.673,4.811
2019-07-11T21:50:35,40.556,15.60
2019-07-13T09:56:39,37.300,5.686
2019-07-16T19:20:22,38.439,16.80
2019-07-26T04:07:53,38.698,18.15
2019-07-28T19:19:14,46.167,13.05
2019-08-02T05:07:41,38.615,15.67
2019-08-05T10:16:21,37.664,3.220
2019-08-08T05:31:27,40.764,15.48
2019-08-08T05:36:35,45.775,11.06
2019-08-09T03:35:22,35.549,12.87
2019-08-09T11:48:16,43.055,13.28
2019-08-13T11:17:17,44.461,9.816
2019-08-14T18:11:04,42.640,13.19
2019-08-14T23:26:23,38.015,15.87
2019-08-15T17:45:12,39.639,16.80
2019-08-17T01:43:03,42.729,12.55
2019-08-17T16:52:19,43.928,11.82
2019-08-17T21:35:10,38.714,14.74
2019-08-17T22:01:36,43.921,11.83
2019-08-21T11:44:39,37.695,5.098
2019-08-21T18:04:27,41.612,11.66
2019-08-22T03:20:31,39.207,17.15
2019-08-27T13:18:49,42.626,3.130
2019-09-01T00:02:39,42.797,13.13
2019-09-01T00:04:02,42.798,13.13
2019-09-01T00:17:53,42.804,13.13
2019-09-01T14:37:53,37.207,18.44
2019-09-04T15:52:24,37.907,4.984
2019-09-06T14:11:33,39.264,16.13
2019-09-09T02:57:47,39.323,15.59
2019-09-09T10:24:13,39.091,15.92
2018-09-18T19:04:53,41.448,19.53
2018-09-25T13:14:21,38.188,17.26
2018-09-26T22:50:24,38.604,14.96
2018-09-28T05:24:31,38.385,15.73
2018-09-28T12:03:57,38.383,15.75
2018-09-28T18:58:56,39.809,15.42
2018-09-30T06:23:06,37.639,14.49
2018-09-30T17:24:06,37.823,15.08
2018-10-03T01:23:01,38.397,15.72
2018-10-04T07:07:17,39.538,15.21
2018-10-06T00:34:19,37.608,14.93
2018-10-09T21:08:53,37.607,14.90
2018-10-09T22:43:50,37.748,15.78
2018-10-12T05:40:41,47.229,11.31
2018-10-13T01:55:47,41.921,15.16
2018-10-18T18:34:18,39.964,15.50
2018-10-23T22:47:54,37.779,15.01
2018-10-25T23:28:42,42.877,12.69
2018-10-26T08:28:56,37.895,14.46
2018-10-26T09:30:09,36.644,12.75
2018-10-27T12:58:05,40.365,16.25
2018-10-29T04:10:53,42.875,12.70
2018-11-01T00:14:33,38.256,15.10
2018-11-01T05:28:28,42.781,12.72
2018-11-06T18:50:17,42.272,12.83
2018-11-07T11:18:56,40.982,15.03
2018-11-07T11:19:11,40.985,15.03
2018-11-09T12:45:54,40.850,16.57
2018-11-10T07:59:36,46.300,13.23
2018-11-14T15:01:02,38.399,15.75
2018-11-14T15:15:03,38.378,15.74
2018-11-15T01:02:55,42.692,13.23
2018-11-16T01:17:11,39.808,16.46
2018-11-17T10:50:35,46.529,12.53
2018-11-17T19:25:28,39.055,15.23
2018-11-18T12:48:46,44.051,12.48
2018-11-20T05:06:21,37.711,14.92
2018-11-20T05:06:36,37.708,14.89
2018-11-20T05:53:42,37.710,14.91
2018-11-20T07:57:15,45.948,14.28
2018-11-20T16:50:19,40.486,15.16
2018-11-22T07:35:08,40.105,14.46
2018-11-25T19:32:08,39.144,15.36
2018-11-26T19:20:02,42.731,13.05
2018-11-26T23:04:21,44.631,9.508
2018-11-29T13:08:05,39.474,16.24
2018-12-01T19:09:51,42.890,13.14
2018-12-03T00:06:47,44.251,11.04
2018-12-04T07:30:45,41.760,13.59
2018-12-06T19:06:48,40.661,10.73
2018-12-07T03:16:44,39.289,14.28
2018-12-08T07:56:29,37.769,16.67
2018-12-12T20:50:13,37.806,4.192
2018-12-13T04:14:13,37.812,14.19
2018-12-16T12:34:15,38.529,14.56
2018-12-16T19:29:33,37.738,15.03
2018-12-21T06:24:07,38.262,14.84
2018-12-21T17:50:45,43.574,12.33
2018-12-24T09:59:31,37.749,14.997
2018-12-24T10:08:57,37.755,14.997
2018-12-24T10:27:01,37.813,15.107
2018-12-24T11:01:50,37.744,14.97
2018-12-24T11:12:04,37.718,15.033
2018-12-24T12:08:55,37.718,15.037
2018-12-24T12:19:28,37.722,15.042
2018-12-24T12:31:51,37.731,15.032
2018-12-24T13:49:51,37.717,15.043
2018-12-24T15:43:12,37.715,15.049
2018-12-24T16:50:10,37.716,15.039
2018-12-24T18:26:19,37.71,15.043
2018-12-24T18:43:31,37.69,14.979
2018-12-24T19:00:02,37.707,15.033
2018-12-24T19:26:18,37.688,14.965
2018-12-24T19:45:44,37.704,15.018
2018-12-24T19:59:30,37.665,14.989
2018-12-24T22:37:24,37.716,15.014
2018-12-25T12:45:44,37.674,14.911
2018-12-26T00:09:17,37.643,15.126
2018-12-26T02:19:14,37.644,15.116
2018-12-26T13:14:54,37.749,15.126
2018-12-26T17:48:09,38.641,14.80
2018-12-29T23:52:48,41.868,12.78
2018-12-30T18:30:50,37.73,4.966
2019-01-01T18:37:46,41.877,13.54
2019-01-03T23:01:15,37.655,14.939
2019-01-04T03:54:03,37.695,14.935
2019-01-04T04:10:36,37.698,14.939
2019-01-05T01:47:36,37.143,15.01
2019-01-06T02:54:08,38.709,15.69
2019-01-06T09:50:13,41.665,14.16
2019-01-08T23:50:34,37.795,15.046
2019-01-12T11:20:33,39.306,15.417
2019-01-14T23:03:57,44.346,12.28
2019-01-14T23:29:07,44.377,12.30
2019-01-17T02:19:23,39.382,16.79
2019-01-18T19:04:08,39.247,15.804
2019-01-25T09:51:30,45.101,14.89
2019-01-25T15:52:07,38.628,15.43
2019-01-30T02:51:05,39.598,17.04
2019-02-01T00:33:08,42.514,12.63
2019-02-01T22:18:09,43.989,11.665
2019-02-02T11:54:37,37.604,14.96
2019-02-05T08:09:11,42.423,13.31
2019-02-05T17:49:00,38.639,15.07
2019-02-10T19:00:19,42.117,16.42
2019-02-13T21:56:44,40.825,17.81
2019-02-15T09:16:21,38.820,16.01
2019-03-15T05:33:20,38.592,16.06
2019-03-16T06:10:23,44.426,11.60
2019-03-27T17:14:22,37.733,15.15
2019-03-27T20:59:17,43.109,13.95
2019-03-27T22:03:51,43.101,13.95
2019-03-28T09:22:26,43.062,4.008
2019-03-28T09:55:37,43.103,13.94
2019-04-05T02:54:25,38.642,14.18
2019-04-05T02:55:03,38.659,14.20
2019-04-14T21:15:09,43.087,13.19
2019-04-15T19:19:23,41.260,15.85
2019-04-17T03:46:49,42.910,12.62
2019-04-20T04:25:52,43.017,13.46
2019-04-20T19:14:24,37.366,15.18
2019-04-27T00:44:55,37.800,15.16
2019-04-27T00:54:39,37.822,15.11
2019-04-30T13:42:22,41.891,13.55
2019-05-01T13:52:15,39.535,16.32
2019-05-02T21:01:36,38.109,15.17
2019-05-04T04:41:46,39.684,5.409
2019-05-07T02:40:50,37.646,15.91
2019-05-07T08:09:22,37.829,14.21
2019-05-07T13:29:31,37.840,14.20
2019-05-09T03:14:23,45.959,13.78
2019-05-15T02:09:53,42.906,13.15
2019-05-18T18:30:45,43.397,13.92
2019-05-18T19:35:15,43.064,13.03
2019-05-21T04:45:25,43.373,13.92
2019-05-21T08:13:33,41.299,16.30
2019-05-22T14:37:36,44.846,9.927
2019-05-25T10:38:02,44.529,10.13
2019-05-26T23:31:57,38.516,16.14
2019-05-28T08:48:06,46.374,6.782
2019-05-30T16:48:50,39.724,15.57
2019-06-01T09:14:19,38.496,16.15
2019-06-05T17:35:02,44.959,7.047
2019-06-05T20:23:18,37.851,14.55
2019-06-05T22:29:30,43.251,12.47
2019-06-06T15:24:04,41.717,15.10
2019-06-07T10:22:54,43.981,10.15
2019-06-07T19:00:43,38.54|,.4282
2019-06-10T13:17:09,42.605,13.27
2019-06-11T06:54:43,46.088,14.21
2019-06-12T01:10:22,39.518,5.654
2019-06-14T13:57:23,46.397,12.99
2019-06-15T04:12:45,46.396,12.99
2019-06-15T17:31:30,42.926,11.88
2019-06-16T13:40:55,46.401,13.00
2019-06-20T09:15:58,38.503,16.15
2019-06-23T20:43:47,41.858,12.76
2019-06-27T17:42:58,38.406,14.72
2019-06-27T23:06:13,36.263,11.23
2019-06-28T23:03:05,43.434,11.11
2019-07-07T21:09:32,46.389,12.99
2019-07-08T04:38:27,37.659,4.841
2019-07-08T16:48:50,37.673,4.811
2019-07-11T21:50:35,40.556,15.60
2019-07-13T09:56:39,37.300,5.686
2019-07-16T19:20:22,38.439,16.80
2019-07-26T04:07:53,38.698,18.15
2019-07-28T19:19:14,46.167,13.05
2019-08-02T05:07:41,38.615,15.67
2019-08-05T10:16:21,37.664,3.220
2019-08-08T05:31:27,40.764,15.48
2019-08-08T05:36:35,45.775,11.06
2019-08-09T03:35:22,35.549,12.87
2019-08-09T11:48:16,43.055,13.28
2019-08-13T11:17:17,44.461,9.816
2019-08-14T18:11:04,42.640,13.19
2019-08-14T23:26:23,38.015,15.87
2019-08-15T17:45:12,39.639,16.80
2019-08-17T01:43:03,42.729,12.55
2019-08-17T16:52:19,43.928,11.82
2019-08-17T21:35:10,38.714,14.74
2019-08-17T22:01:36,43.921,11.83
2019-08-21T11:44:39,37.695,5.098
2019-08-21T18:04:27,41.612,11.66
2019-08-22T03:20:31,39.207,17.15
2019-08-27T13:18:49,42.626,3.130
2019-09-01T00:02:39,42.797,13.13
2019-09-01T00:04:02,42.798,13.13
2019-09-01T00:17:53,42.804,13.13
2019-09-01T14:37:53,37.207,18.44
2019-09-04T15:52:24,37.907,4.984
2019-09-06T14:11:33,39.264,16.13
2019-09-09T02:57:47,39.323,15.59
2019-09-09T10:24:13,39.091,15.92
,,
,,
,,
,,
,,
,,
,,
